@timestamp,event.category,event.action,source.ip,source.port,destination.ip,destination.port,user.name,container.image.name,message,,,,,,
"Mar 4, 2025 @ 13:57:16.410",network,dns_query,192.168.1.91,55340,192.168.1.27,5044,,local/nginx:latest,dns query | source.ip=192.168.1.91 | destination.ip=192.168.1.27 | destination.port=5044 | event.outcome=failure,,,,,,
"Mar 4, 2025 @ 14:04:40.399",network,connection_denied,10.10.20.6,49101,10.10.12.162,443,,local/logstash:latest,connection denied | source.ip=10.10.20.6 | destination.ip=10.10.12.162 | destination.port=443 | event.outcome=failure,,,,,,
"Mar 4, 2025 @ 14:12:58.590",authentication,failed_login,172.16.5.119,31609,172.16.5.57,5601,guest,docker.elastic.co/elasticsearch/elasticsearch:8.12.0,failed login | source.ip=172.16.5.119 | destination.ip=172.16.5.57 | destination.port=5601 | event.outcome=failure | user.name=guest,,,,,,
"Mar 4, 2025 @ 14:19:16.528",network,connection_denied,203.0.113.34,59116,172.16.5.189,53,,local/nginx:latest,connection denied | source.ip=203.0.113.34 | destination.ip=172.16.5.189 | destination.port=53 | event.outcome=failure,,,,,,
"Mar 4, 2025 @ 14:19:34.057",web,directory_traversal_pattern,198.51.100.118,48347,10.10.12.246,5601,,local/auth-service:latest,directory traversal pattern | source.ip=198.51.100.118 | destination.ip=10.10.12.246 | destination.port=5601 | event.outcome=success | url.path=/wp-login.php,,,,,,
"Mar 4, 2025 @ 14:51:25.687",process,process_started,203.0.113.137,39296,172.16.5.198,443,kibana_system,docker.elastic.co/kibana/kibana:8.12.0,process started | source.ip=203.0.113.137 | destination.ip=172.16.5.198 | destination.port=443 | event.outcome=failure | user.name=kibana_system,,,,,,
"Mar 4, 2025 @ 14:58:16.116",process,process_ended,10.10.20.54,47145,172.16.5.194,53,elastic,local/logstash:latest,process ended | source.ip=10.10.20.54 | destination.ip=172.16.5.194 | destination.port=53 | event.outcome=failure | user.name=elastic,,,,,,
"Mar 4, 2025 @ 15:01:14.608",network,port_scan_detected,203.0.113.43,55475,172.16.5.193,53,,local/nginx:latest,port scan detected | source.ip=203.0.113.43 | destination.ip=172.16.5.193 | destination.port=53 | event.outcome=unknown,,,,,,
"Mar 4, 2025 @ 15:12:54.993",authentication,failed_login,10.10.12.115,20649,10.10.20.179,22,admin,docker.elastic.co/elasticsearch/elasticsearch:8.12.0,failed login | source.ip=10.10.12.115 | destination.ip=10.10.20.179 | destination.port=22 | event.outcome=failure | user.name=admin,,,,,,
"Mar 4, 2025 @ 15:26:53.807",authentication,user_login,192.168.1.183,8572,192.168.1.76,9300,admin,docker.elastic.co/kibana/kibana:8.12.0,user login | source.ip=192.168.1.183 | destination.ip=192.168.1.76 | destination.port=9300 | event.outcome=success | user.name=admin,,,,,,
"Mar 4, 2025 @ 15:27:42.794",authentication,ssh_login,192.0.2.68,48675,172.16.5.235,53,elastic,local/postgres:latest,ssh login | source.ip=192.0.2.68 | destination.ip=172.16.5.235 | destination.port=53 | event.outcome=success | user.name=elastic,,,,,,
"Mar 4, 2025 @ 15:34:55.844",network,connection_accepted,192.168.1.59,28303,172.16.5.65,9200,,local/postgres:latest,connection accepted | source.ip=192.168.1.59 | destination.ip=172.16.5.65 | destination.port=9200 | event.outcome=success,,,,,,
"Mar 4, 2025 @ 15:36:12.307",authentication,failed_login,172.16.5.6,10473,10.10.20.152,9300,elastic,docker.elastic.co/kibana/kibana:8.12.0,failed login | source.ip=172.16.5.6 | destination.ip=10.10.20.152 | destination.port=9300 | event.outcome=failure | user.name=elastic,,,,,,
"Mar 4, 2025 @ 15:46:40.958",network,port_scan_detected,198.51.100.10,2265,10.10.12.50,5044,,docker.elastic.co/kibana/kibana:8.12.0,port scan detected | source.ip=198.51.100.10 | destination.ip=10.10.12.50 | destination.port=5044 | event.outcome=success,,,,,,
"Mar 4, 2025 @ 15:58:08.565",authentication,user_logout,198.51.100.178,50411,172.16.5.54,5432,admin,local/nginx:latest,user logout | source.ip=198.51.100.178 | destination.ip=172.16.5.54 | destination.port=5432 | event.outcome=unknown | user.name=admin,,,,,,
"Mar 4, 2025 @ 15:58:31.185",web,directory_traversal_pattern,198.51.100.169,18025,192.168.1.77,9300,,local/auth-service:latest,directory traversal pattern | source.ip=198.51.100.169 | destination.ip=192.168.1.77 | destination.port=9300 | event.outcome=unknown | url.path=/,,,,,,
"Mar 4, 2025 @ 16:02:14.954",web,http_request,203.0.113.130,63989,10.10.20.16,5432,,docker.elastic.co/elasticsearch/elasticsearch:8.12.0,http request | source.ip=203.0.113.130 | destination.ip=10.10.20.16 | destination.port=5432 | event.outcome=success | url.path=/login,,,,,,
"Mar 4, 2025 @ 16:13:46.915",database,db_query,203.0.113.48,43066,10.10.20.198,3389,guest,local/nginx:latest,db query | source.ip=203.0.113.48 | destination.ip=10.10.20.198 | destination.port=3389 | event.outcome=failure | user.name=guest,,,,,,
"Mar 4, 2025 @ 16:14:00.630",web,directory_traversal_pattern,198.51.100.129,11333,10.10.20.96,5601,,docker.elastic.co/kibana/kibana:8.12.0,directory traversal pattern | source.ip=198.51.100.129 | destination.ip=10.10.20.96 | destination.port=5601 | event.outcome=failure | url.path=/api/users,,,,,,
"Mar 4, 2025 @ 16:19:04.577",database,db_error,192.168.1.38,17186,172.16.5.37,5432,j.smith,local/postgres:latest,db error | source.ip=192.168.1.38 | destination.ip=172.16.5.37 | destination.port=5432 | event.outcome=failure | user.name=j.smith,,,,,,
"Mar 4, 2025 @ 16:22:04.714",authentication,user_login,10.10.20.13,23211,172.16.5.141,3389,kibana_system,local/auth-service:latest,user login | source.ip=10.10.20.13 | destination.ip=172.16.5.141 | destination.port=3389 | event.outcome=success | user.name=kibana_system,,,,,,
"Mar 4, 2025 @ 16:29:12.595",network,connection_attempt,10.10.20.99,45400,10.10.20.166,80,,local/postgres:latest,connection attempt | source.ip=10.10.20.99 | destination.ip=10.10.20.166 | destination.port=80 | event.outcome=failure,,,,,,
"Mar 4, 2025 @ 16:29:16.887",authentication,ssh_login,192.168.1.64,27701,192.168.1.208,443,elastic,local/auth-service:latest,ssh login | source.ip=192.168.1.64 | destination.ip=192.168.1.208 | destination.port=443 | event.outcome=success | user.name=elastic,,,,,,
"Mar 4, 2025 @ 16:35:03.445",authentication,ssh_login,203.0.113.83,7021,172.16.5.29,22,j.smith,local/logstash:latest,ssh login | source.ip=203.0.113.83 | destination.ip=172.16.5.29 | destination.port=22 | event.outcome=success | user.name=j.smith,,,,,,
"Mar 4, 2025 @ 16:36:15.823",authentication,ssh_login,172.16.5.172,5279,172.16.5.183,5432,j.smith,docker.elastic.co/kibana/kibana:8.12.0,ssh login | source.ip=172.16.5.172 | destination.ip=172.16.5.183 | destination.port=5432 | event.outcome=success | user.name=j.smith,,,,,,
"Mar 4, 2025 @ 16:44:27.604",network,connection_denied,172.16.5.116,14765,10.10.12.69,443,,local/logstash:latest,connection denied | source.ip=172.16.5.116 | destination.ip=10.10.12.69 | destination.port=443 | event.outcome=failure,,,,,,
"Mar 4, 2025 @ 16:47:06.743",database,large_export,192.0.2.213,57268,10.10.12.169,3389,admin,local/nginx:latest,large export | source.ip=192.0.2.213 | destination.ip=10.10.12.169 | destination.port=3389 | event.outcome=unknown | user.name=admin,,,,,,
"Mar 4, 2025 @ 16:53:24.842",authentication,sudo_attempt,10.10.12.195,17229,10.10.12.245,443,admin,docker.elastic.co/kibana/kibana:8.12.0,sudo attempt | source.ip=10.10.12.195 | destination.ip=10.10.12.245 | destination.port=443 | event.outcome=success | user.name=admin,,,,,,
"Mar 4, 2025 @ 17:01:30.897",database,db_query,10.10.12.101,42683,192.168.1.13,9300,m.rahman,local/auth-service:latest,db query | source.ip=10.10.12.101 | destination.ip=192.168.1.13 | destination.port=9300 | event.outcome=unknown | user.name=m.rahman,,,,,,
"Mar 4, 2025 @ 17:11:17.159",network,connection_attempt,203.0.113.69,7565,192.168.1.14,80,,local/logstash:latest,connection attempt | source.ip=203.0.113.69 | destination.ip=192.168.1.14 | destination.port=80 | event.outcome=unknown,,,,,,
"Mar 4, 2025 @ 17:17:05.750",authentication,failed_login,10.10.12.251,37202,192.168.1.22,5601,m.rahman,local/auth-service:latest,failed login | source.ip=10.10.12.251 | destination.ip=192.168.1.22 | destination.port=5601 | event.outcome=failure | user.name=m.rahman,,,,,,
"Mar 4, 2025 @ 17:17:58.109",database,db_error,192.168.1.213,18622,10.10.20.128,9200,j.smith,local/postgres:latest,db error | source.ip=192.168.1.213 | destination.ip=10.10.20.128 | destination.port=9200 | event.outcome=failure | user.name=j.smith,,,,,,
"Mar 4, 2025 @ 17:22:30.499",database,large_export,10.10.20.181,10608,10.10.20.65,9200,svc-backup,local/nginx:latest,large export | source.ip=10.10.20.181 | destination.ip=10.10.20.65 | destination.port=9200 | event.outcome=failure | user.name=svc-backup,,,,,,
"Mar 4, 2025 @ 17:25:26.123",web,http_404,172.16.5.173,24197,10.10.12.107,3389,,local/logstash:latest,http 404 | source.ip=172.16.5.173 | destination.ip=10.10.12.107 | destination.port=3389 | event.outcome=failure | url.path=/wp-login.php,,,,,,
"Mar 4, 2025 @ 17:29:53.625",authentication,sudo_attempt,192.168.1.199,2633,10.10.20.90,5044,elastic,local/nginx:latest,sudo attempt | source.ip=192.168.1.199 | destination.ip=10.10.20.90 | destination.port=5044 | event.outcome=failure | user.name=elastic,,,,,,
"Mar 4, 2025 @ 17:34:53.969",authentication,sudo_attempt,192.168.1.114,15262,10.10.20.140,22,kibana_system,docker.elastic.co/kibana/kibana:8.12.0,sudo attempt | source.ip=192.168.1.114 | destination.ip=10.10.20.140 | destination.port=22 | event.outcome=success | user.name=kibana_system,,,,,,
"Mar 4, 2025 @ 17:35:11.705",network,connection_accepted,192.168.1.168,47369,172.16.5.46,5432,,local/auth-service:latest,connection accepted | source.ip=192.168.1.168 | destination.ip=172.16.5.46 | destination.port=5432 | event.outcome=success,,,,,,
"Mar 4, 2025 @ 17:45:17.529",network,connection_denied,10.10.20.117,18391,172.16.5.120,53,,local/auth-service:latest,connection denied | source.ip=10.10.20.117 | destination.ip=172.16.5.120 | destination.port=53 | event.outcome=failure,,,,,,
"Mar 4, 2025 @ 18:03:34.904",network,connection_denied,10.10.20.28,13952,10.10.20.67,80,,docker.elastic.co/kibana/kibana:8.12.0,connection denied | source.ip=10.10.20.28 | destination.ip=10.10.20.67 | destination.port=80 | event.outcome=failure,,,,,,
"Mar 4, 2025 @ 18:04:22.938",database,large_export,192.0.2.248,54717,10.10.12.201,80,j.smith,local/postgres:latest,large export | source.ip=192.0.2.248 | destination.ip=10.10.12.201 | destination.port=80 | event.outcome=failure | user.name=j.smith,,,,,,
"Mar 4, 2025 @ 18:05:53.384",web,http_request,10.10.20.134,11518,10.10.20.143,9200,,docker.elastic.co/kibana/kibana:8.12.0,http request | source.ip=10.10.20.134 | destination.ip=10.10.20.143 | destination.port=9200 | event.outcome=success | url.path=/../../etc/passwd,,,,,,
"Mar 4, 2025 @ 18:06:36.140",network,dns_query,172.16.5.226,1860,192.168.1.208,5432,,local/nginx:latest,dns query | source.ip=172.16.5.226 | destination.ip=192.168.1.208 | destination.port=5432 | event.outcome=unknown,,,,,,
"Mar 4, 2025 @ 18:07:40.458",web,http_request,10.10.20.86,29710,172.16.5.230,3306,,local/logstash:latest,http request | source.ip=10.10.20.86 | destination.ip=172.16.5.230 | destination.port=3306 | event.outcome=success | url.path=/admin,,,,,,
"Mar 4, 2025 @ 18:10:46.125",database,large_export,10.10.20.103,22101,10.10.20.143,5601,guest,local/postgres:latest,large export | source.ip=10.10.20.103 | destination.ip=10.10.20.143 | destination.port=5601 | event.outcome=unknown | user.name=guest,,,,,,
"Mar 4, 2025 @ 18:13:48.870",web,http_request,192.0.2.2,40621,10.10.12.204,3306,,local/auth-service:latest,http request | source.ip=192.0.2.2 | destination.ip=10.10.12.204 | destination.port=3306 | event.outcome=failure | url.path=/search?q=test,,,,,,
"Mar 4, 2025 @ 18:30:09.642",process,shell_command,192.168.1.131,53000,192.168.1.27,53,svc-backup,local/nginx:latest,shell command | source.ip=192.168.1.131 | destination.ip=192.168.1.27 | destination.port=53 | event.outcome=unknown | user.name=svc-backup,,,,,,
"Mar 4, 2025 @ 18:30:14.429",authentication,failed_login,203.0.113.244,30118,172.16.5.97,53,kibana_system,local/nginx:latest,failed login | source.ip=203.0.113.244 | destination.ip=172.16.5.97 | destination.port=53 | event.outcome=failure | user.name=kibana_system,,,,,,
"Mar 4, 2025 @ 18:34:56.467",network,port_scan_detected,203.0.113.252,27098,10.10.20.72,9200,,docker.elastic.co/kibana/kibana:8.12.0,port scan detected | source.ip=203.0.113.252 | destination.ip=10.10.20.72 | destination.port=9200 | event.outcome=unknown,,,,,,
"Mar 4, 2025 @ 18:35:49.455",database,db_error,192.0.2.112,2956,192.168.1.129,9300,guest,local/logstash:latest,db error | source.ip=192.0.2.112 | destination.ip=192.168.1.129 | destination.port=9300 | event.outcome=failure | user.name=guest,,,,,,
"Mar 4, 2025 @ 18:39:54.855",database,db_query,203.0.113.169,47198,172.16.5.5,3389,svc-backup,local/postgres:latest,db query | source.ip=203.0.113.169 | destination.ip=172.16.5.5 | destination.port=3389 | event.outcome=failure | user.name=svc-backup,,,,,,
"Mar 4, 2025 @ 18:40:01.603",authentication,failed_login,172.16.5.83,16333,192.168.1.71,53,svc-backup,local/postgres:latest,failed login | source.ip=172.16.5.83 | destination.ip=192.168.1.71 | destination.port=53 | event.outcome=failure | user.name=svc-backup,,,,,,
"Mar 4, 2025 @ 18:42:40.264",process,process_ended,203.0.113.66,44573,10.10.12.97,3389,kibana_system,local/nginx:latest,process ended | source.ip=203.0.113.66 | destination.ip=10.10.12.97 | destination.port=3389 | event.outcome=failure | user.name=kibana_system,,,,,,
"Mar 4, 2025 @ 18:43:56.450",authentication,ssh_login,10.10.12.24,7123,172.16.5.143,3306,m.rahman,docker.elastic.co/elasticsearch/elasticsearch:8.12.0,ssh login | source.ip=10.10.12.24 | destination.ip=172.16.5.143 | destination.port=3306 | event.outcome=success | user.name=m.rahman,,,,,,
"Mar 4, 2025 @ 18:50:49.160",web,directory_traversal_pattern,198.51.100.10,61188,192.168.1.14,9200,,local/logstash:latest,directory traversal pattern | source.ip=198.51.100.10 | destination.ip=192.168.1.14 | destination.port=9200 | event.outcome=success | url.path=/search?q=test,,,,,,
"Mar 4, 2025 @ 19:00:42.793",authentication,ssh_login,10.10.12.14,7136,10.10.12.250,443,kibana_system,local/nginx:latest,ssh login | source.ip=10.10.12.14 | destination.ip=10.10.12.250 | destination.port=443 | event.outcome=success | user.name=kibana_system,,,,,,
"Mar 4, 2025 @ 19:03:58.717",network,dns_query,192.168.1.26,46687,192.168.1.186,5044,,local/logstash:latest,dns query | source.ip=192.168.1.26 | destination.ip=192.168.1.186 | destination.port=5044 | event.outcome=unknown,,,,,,
"Mar 4, 2025 @ 19:09:50.186",network,connection_attempt,10.10.20.101,14349,10.10.20.67,9200,,local/logstash:latest,connection attempt | source.ip=10.10.20.101 | destination.ip=10.10.20.67 | destination.port=9200 | event.outcome=failure,,,,,,
"Mar 4, 2025 @ 19:16:52.032",process,process_started,192.0.2.134,37554,192.168.1.14,443,elastic,docker.elastic.co/kibana/kibana:8.12.0,process started | source.ip=192.0.2.134 | destination.ip=192.168.1.14 | destination.port=443 | event.outcome=success | user.name=elastic,,,,,,
"Mar 4, 2025 @ 19:29:07.826",web,directory_traversal_pattern,198.51.100.197,50486,10.10.20.176,3306,,local/postgres:latest,directory traversal pattern | source.ip=198.51.100.197 | destination.ip=10.10.20.176 | destination.port=3306 | event.outcome=unknown | url.path=/admin,,,,,,
"Mar 4, 2025 @ 19:39:05.809",web,http_500,172.16.5.240,58572,10.10.12.242,80,,docker.elastic.co/elasticsearch/elasticsearch:8.12.0,http 500 | source.ip=172.16.5.240 | destination.ip=10.10.12.242 | destination.port=80 | event.outcome=failure | url.path=/api/users,,,,,,
"Mar 4, 2025 @ 19:49:28.109",network,connection_denied,172.16.5.147,41063,10.10.20.46,3389,,local/postgres:latest,connection denied | source.ip=172.16.5.147 | destination.ip=10.10.20.46 | destination.port=3389 | event.outcome=failure,,,,,,
"Mar 4, 2025 @ 19:54:41.331",database,large_export,10.10.20.56,34095,10.10.12.152,80,elastic,local/auth-service:latest,large export | source.ip=10.10.20.56 | destination.ip=10.10.12.152 | destination.port=80 | event.outcome=success | user.name=elastic,,,,,,
"Mar 4, 2025 @ 20:02:00.111",web,http_404,10.10.12.136,56513,10.10.12.216,53,,local/nginx:latest,http 404 | source.ip=10.10.12.136 | destination.ip=10.10.12.216 | destination.port=53 | event.outcome=failure | url.path=/api/status,,,,,,
"Mar 4, 2025 @ 20:15:07.632",authentication,ssh_login,203.0.113.201,39930,172.16.5.133,53,root,local/postgres:latest,ssh login | source.ip=203.0.113.201 | destination.ip=172.16.5.133 | destination.port=53 | event.outcome=success | user.name=root,,,,,,
"Mar 4, 2025 @ 20:32:41.191",authentication,ssh_login,198.51.100.228,62193,10.10.12.82,5601,guest,local/logstash:latest,ssh login | source.ip=198.51.100.228 | destination.ip=10.10.12.82 | destination.port=5601 | event.outcome=success | user.name=guest,,,,,,
"Mar 4, 2025 @ 20:45:42.217",database,large_export,10.10.12.16,15363,10.10.20.156,22,root,local/logstash:latest,large export | source.ip=10.10.12.16 | destination.ip=10.10.20.156 | destination.port=22 | event.outcome=success | user.name=root,,,,,,
"Mar 4, 2025 @ 20:49:08.352",authentication,ssh_login,10.10.12.14,9276,172.16.5.64,3306,svc-backup,local/postgres:latest,ssh login | source.ip=10.10.12.14 | destination.ip=172.16.5.64 | destination.port=3306 | event.outcome=success | user.name=svc-backup,,,,,,
"Mar 4, 2025 @ 20:50:35.413",authentication,sudo_attempt,10.10.20.124,60467,10.10.20.224,9200,j.smith,docker.elastic.co/kibana/kibana:8.12.0,sudo attempt | source.ip=10.10.20.124 | destination.ip=10.10.20.224 | destination.port=9200 | event.outcome=success | user.name=j.smith,,,,,,
"Mar 4, 2025 @ 20:51:57.653",network,connection_attempt,203.0.113.113,29842,192.168.1.192,9300,,local/nginx:latest,connection attempt | source.ip=203.0.113.113 | destination.ip=192.168.1.192 | destination.port=9300 | event.outcome=failure,,,,,,
"Mar 4, 2025 @ 21:00:45.195",network,port_scan_detected,203.0.113.183,11985,192.168.1.127,53,,local/logstash:latest,port scan detected | source.ip=203.0.113.183 | destination.ip=192.168.1.127 | destination.port=53 | event.outcome=failure,,,,,,
"Mar 4, 2025 @ 21:19:53.781",network,port_scan_detected,198.51.100.145,32374,172.16.5.171,5432,,docker.elastic.co/kibana/kibana:8.12.0,port scan detected | source.ip=198.51.100.145 | destination.ip=172.16.5.171 | destination.port=5432 | event.outcome=unknown,,,,,,
"Mar 4, 2025 @ 21:21:03.669",database,db_login,198.51.100.129,9490,192.168.1.46,9300,svc-backup,docker.elastic.co/elasticsearch/elasticsearch:8.12.0,db login | source.ip=198.51.100.129 | destination.ip=192.168.1.46 | destination.port=9300 | event.outcome=success | user.name=svc-backup,,,,,,
"Mar 4, 2025 @ 21:34:37.095",network,connection_denied,10.10.12.25,19156,192.168.1.214,22,,docker.elastic.co/kibana/kibana:8.12.0,connection denied | source.ip=10.10.12.25 | destination.ip=192.168.1.214 | destination.port=22 | event.outcome=failure,,,,,,
"Mar 4, 2025 @ 21:42:23.710",database,large_export,203.0.113.218,51544,10.10.12.131,5432,admin,local/postgres:latest,large export | source.ip=203.0.113.218 | destination.ip=10.10.12.131 | destination.port=5432 | event.outcome=success | user.name=admin,,,,,,
"Mar 4, 2025 @ 21:46:15.193",web,http_500,198.51.100.254,17450,10.10.20.140,80,,docker.elastic.co/kibana/kibana:8.12.0,http 500 | source.ip=198.51.100.254 | destination.ip=10.10.20.140 | destination.port=80 | event.outcome=failure | url.path=/,,,,,,
"Mar 4, 2025 @ 21:51:42.334",web,directory_traversal_pattern,203.0.113.63,3637,10.10.20.247,3389,,docker.elastic.co/elasticsearch/elasticsearch:8.12.0,directory traversal pattern | source.ip=203.0.113.63 | destination.ip=10.10.20.247 | destination.port=3389 | event.outcome=success | url.path=/../../etc/passwd,,,,,,
"Mar 4, 2025 @ 21:51:53.796",authentication,user_logout,172.16.5.222,57731,10.10.12.114,53,svc-backup,local/auth-service:latest,user logout | source.ip=172.16.5.222 | destination.ip=10.10.12.114 | destination.port=53 | event.outcome=success | user.name=svc-backup,,,,,,
"Mar 4, 2025 @ 21:52:17.878",network,connection_attempt,192.168.1.170,1457,192.168.1.6,5432,,docker.elastic.co/elasticsearch/elasticsearch:8.12.0,connection attempt | source.ip=192.168.1.170 | destination.ip=192.168.1.6 | destination.port=5432 | event.outcome=unknown,,,,,,
"Mar 4, 2025 @ 21:53:35.502",network,connection_attempt,198.51.100.204,5187,192.168.1.154,9300,,local/postgres:latest,connection attempt | source.ip=198.51.100.204 | destination.ip=192.168.1.154 | destination.port=9300 | event.outcome=success,,,,,,
"Mar 4, 2025 @ 22:01:28.225",network,port_scan_detected,192.0.2.117,50786,10.10.12.26,3389,,local/logstash:latest,port scan detected | source.ip=192.0.2.117 | destination.ip=10.10.12.26 | destination.port=3389 | event.outcome=unknown,,,,,,
"Mar 4, 2025 @ 22:05:39.911",authentication,ssh_login,10.10.12.148,51821,10.10.12.70,5432,m.rahman,local/auth-service:latest,ssh login | source.ip=10.10.12.148 | destination.ip=10.10.12.70 | destination.port=5432 | event.outcome=success | user.name=m.rahman,,,,,,
"Mar 4, 2025 @ 22:12:21.152",authentication,user_login,192.168.1.164,25284,172.16.5.43,9200,svc-backup,local/auth-service:latest,user login | source.ip=192.168.1.164 | destination.ip=172.16.5.43 | destination.port=9200 | event.outcome=success | user.name=svc-backup,,,,,,
"Mar 4, 2025 @ 22:23:28.915",network,connection_attempt,192.168.1.219,14471,172.16.5.28,5432,,local/nginx:latest,connection attempt | source.ip=192.168.1.219 | destination.ip=172.16.5.28 | destination.port=5432 | event.outcome=success,,,,,,
"Mar 4, 2025 @ 22:25:58.800",process,process_started,192.0.2.59,1552,192.168.1.4,9200,elastic,local/auth-service:latest,process started | source.ip=192.0.2.59 | destination.ip=192.168.1.4 | destination.port=9200 | event.outcome=failure | user.name=elastic,,,,,,
"Mar 4, 2025 @ 22:27:34.049",network,connection_accepted,203.0.113.158,28184,10.10.12.118,3389,,local/nginx:latest,connection accepted | source.ip=203.0.113.158 | destination.ip=10.10.12.118 | destination.port=3389 | event.outcome=success,,,,,,
"Mar 4, 2025 @ 22:30:41.424",process,file_write,172.16.5.178,61063,10.10.12.165,5601,m.rahman,docker.elastic.co/kibana/kibana:8.12.0,file write | source.ip=172.16.5.178 | destination.ip=10.10.12.165 | destination.port=5601 | event.outcome=failure | user.name=m.rahman,,,,,,
"Mar 4, 2025 @ 22:33:28.411",web,http_500,203.0.113.81,33242,172.16.5.217,3389,,docker.elastic.co/kibana/kibana:8.12.0,http 500 | source.ip=203.0.113.81 | destination.ip=172.16.5.217 | destination.port=3389 | event.outcome=failure | url.path=/wp-login.php,,,,,,
"Mar 4, 2025 @ 22:52:20.953",process,process_started,172.16.5.241,44915,172.16.5.54,9200,svc-backup,local/nginx:latest,process started | source.ip=172.16.5.241 | destination.ip=172.16.5.54 | destination.port=9200 | event.outcome=unknown | user.name=svc-backup,,,,,,
"Mar 4, 2025 @ 22:55:46.644",process,process_ended,172.16.5.201,56537,10.10.12.219,3389,j.smith,local/postgres:latest,process ended | source.ip=172.16.5.201 | destination.ip=10.10.12.219 | destination.port=3389 | event.outcome=unknown | user.name=j.smith,,,,,,
"Mar 4, 2025 @ 22:56:36.634",authentication,user_login,10.10.20.53,21024,192.168.1.91,443,svc-backup,local/auth-service:latest,user login | source.ip=10.10.20.53 | destination.ip=192.168.1.91 | destination.port=443 | event.outcome=success | user.name=svc-backup,,,,,,
"Mar 4, 2025 @ 22:59:36.043",authentication,sudo_attempt,10.10.20.223,53445,10.10.20.251,80,guest,docker.elastic.co/kibana/kibana:8.12.0,sudo attempt | source.ip=10.10.20.223 | destination.ip=10.10.20.251 | destination.port=80 | event.outcome=unknown | user.name=guest,,,,,,
"Mar 4, 2025 @ 23:09:18.831",authentication,user_login,10.10.20.20,23670,192.168.1.243,3306,j.smith,local/auth-service:latest,user login | source.ip=10.10.20.20 | destination.ip=192.168.1.243 | destination.port=3306 | event.outcome=success | user.name=j.smith,,,,,,
"Mar 4, 2025 @ 23:24:09.927",database,large_export,203.0.113.147,37110,10.10.20.129,3389,m.rahman,local/nginx:latest,large export | source.ip=203.0.113.147 | destination.ip=10.10.20.129 | destination.port=3389 | event.outcome=success | user.name=m.rahman,,,,,,
"Mar 4, 2025 @ 23:25:52.729",network,dns_query,172.16.5.236,21531,10.10.20.96,9300,,local/auth-service:latest,dns query | source.ip=172.16.5.236 | destination.ip=10.10.20.96 | destination.port=9300 | event.outcome=unknown,,,,,,
"Mar 4, 2025 @ 23:44:29.991",web,directory_traversal_pattern,192.0.2.70,17112,172.16.5.220,53,,docker.elastic.co/kibana/kibana:8.12.0,directory traversal pattern | source.ip=192.0.2.70 | destination.ip=172.16.5.220 | destination.port=53 | event.outcome=failure | url.path=/search?q=test,,,,,,
"Mar 4, 2025 @ 23:54:39.909",database,db_query,10.10.20.29,10782,10.10.12.136,443,svc-backup,local/logstash:latest,db query | source.ip=10.10.20.29 | destination.ip=10.10.12.136 | destination.port=443 | event.outcome=unknown | user.name=svc-backup,,,,,,
"Mar 4, 2025 @ 23:55:11.647",network,connection_accepted,172.16.5.129,37113,192.168.1.227,5044,,local/logstash:latest,connection accepted | source.ip=172.16.5.129 | destination.ip=192.168.1.227 | destination.port=5044 | event.outcome=success,,,,,,
"Mar 4, 2025 @ 23:57:19.792",authentication,user_login,192.168.1.154,8034,10.10.20.119,80,j.smith,local/nginx:latest,user login | source.ip=192.168.1.154 | destination.ip=10.10.20.119 | destination.port=80 | event.outcome=success | user.name=j.smith,,,,,,
"Mar 5, 2025 @ 00:03:17.616",database,db_query,10.10.12.69,30270,172.16.5.182,443,j.smith,docker.elastic.co/kibana/kibana:8.12.0,db query | source.ip=10.10.12.69 | destination.ip=172.16.5.182 | destination.port=443 | event.outcome=failure | user.name=j.smith,,,,,,
"Mar 5, 2025 @ 00:04:12.930",authentication,user_logout,203.0.113.183,11097,10.10.20.12,9200,admin,local/nginx:latest,user logout | source.ip=203.0.113.183 | destination.ip=10.10.20.12 | destination.port=9200 | event.outcome=failure | user.name=admin,,,,,,
"Mar 5, 2025 @ 00:05:46.456",authentication,user_logout,172.16.5.119,7287,10.10.12.150,5432,kibana_system,docker.elastic.co/elasticsearch/elasticsearch:8.12.0,user logout | source.ip=172.16.5.119 | destination.ip=10.10.12.150 | destination.port=5432 | event.outcome=unknown | user.name=kibana_system,,,,,,
"Mar 5, 2025 @ 00:26:51.258",authentication,failed_login,192.0.2.141,62533,192.168.1.229,80,root,docker.elastic.co/kibana/kibana:8.12.0,failed login | source.ip=192.0.2.141 | destination.ip=192.168.1.229 | destination.port=80 | event.outcome=failure | user.name=root,,,,,,
"Mar 5, 2025 @ 00:32:19.921",network,connection_attempt,192.168.1.29,13863,172.16.5.158,443,,docker.elastic.co/kibana/kibana:8.12.0,connection attempt | source.ip=192.168.1.29 | destination.ip=172.16.5.158 | destination.port=443 | event.outcome=success,,,,,,
"Mar 5, 2025 @ 00:32:40.075",database,large_export,192.168.1.124,13106,192.168.1.89,22,j.smith,docker.elastic.co/elasticsearch/elasticsearch:8.12.0,large export | source.ip=192.168.1.124 | destination.ip=192.168.1.89 | destination.port=22 | event.outcome=success | user.name=j.smith,,,,,,
"Mar 5, 2025 @ 00:38:43.381",network,connection_attempt,10.10.20.189,62748,10.10.12.142,53,,local/auth-service:latest,connection attempt | source.ip=10.10.20.189 | destination.ip=10.10.12.142 | destination.port=53 | event.outcome=success,,,,,,
"Mar 5, 2025 @ 00:39:14.125",web,http_request,198.51.100.222,56450,192.168.1.249,5432,,local/nginx:latest,http request | source.ip=198.51.100.222 | destination.ip=192.168.1.249 | destination.port=5432 | event.outcome=success | url.path=/,,,,,,
"Mar 5, 2025 @ 00:44:16.301",process,process_started,203.0.113.31,46469,10.10.20.97,80,guest,local/postgres:latest,process started | source.ip=203.0.113.31 | destination.ip=10.10.20.97 | destination.port=80 | event.outcome=failure | user.name=guest,,,,,,
"Mar 5, 2025 @ 00:46:15.784",authentication,user_logout,192.0.2.230,21758,192.168.1.38,80,elastic,local/logstash:latest,user logout | source.ip=192.0.2.230 | destination.ip=192.168.1.38 | destination.port=80 | event.outcome=success | user.name=elastic,,,,,,
"Mar 5, 2025 @ 00:50:32.880",network,dns_query,198.51.100.51,62651,192.168.1.172,9300,,local/nginx:latest,dns query | source.ip=198.51.100.51 | destination.ip=192.168.1.172 | destination.port=9300 | event.outcome=unknown,,,,,,
"Mar 5, 2025 @ 00:54:28.564",database,large_export,172.16.5.181,65114,172.16.5.7,3389,guest,docker.elastic.co/elasticsearch/elasticsearch:8.12.0,large export | source.ip=172.16.5.181 | destination.ip=172.16.5.7 | destination.port=3389 | event.outcome=failure | user.name=guest,,,,,,
"Mar 5, 2025 @ 00:58:18.654",authentication,sudo_attempt,10.10.20.132,60083,192.168.1.205,80,elastic,local/postgres:latest,sudo attempt | source.ip=10.10.20.132 | destination.ip=192.168.1.205 | destination.port=80 | event.outcome=failure | user.name=elastic,,,,,,
"Mar 5, 2025 @ 01:04:45.112",process,process_ended,192.168.1.219,40502,10.10.12.48,9200,svc-backup,local/nginx:latest,process ended | source.ip=192.168.1.219 | destination.ip=10.10.12.48 | destination.port=9200 | event.outcome=success | user.name=svc-backup,,,,,,
"Mar 5, 2025 @ 01:05:19.791",web,http_500,198.51.100.122,42599,10.10.12.223,3306,,docker.elastic.co/kibana/kibana:8.12.0,http 500 | source.ip=198.51.100.122 | destination.ip=10.10.12.223 | destination.port=3306 | event.outcome=failure | url.path=/api/users,,,,,,
"Mar 5, 2025 @ 01:09:29.304",network,connection_attempt,192.168.1.19,42519,10.10.20.191,22,,local/nginx:latest,connection attempt | source.ip=192.168.1.19 | destination.ip=10.10.20.191 | destination.port=22 | event.outcome=success,,,,,,
"Mar 5, 2025 @ 01:10:32.349",web,sql_injection_pattern,192.0.2.254,51449,192.168.1.120,5601,,docker.elastic.co/kibana/kibana:8.12.0,sql injection pattern | source.ip=192.0.2.254 | destination.ip=192.168.1.120 | destination.port=5601 | event.outcome=failure | url.path=/app/discover,,,,,,
"Mar 5, 2025 @ 01:12:34.833",network,connection_attempt,198.51.100.159,39056,192.168.1.120,5432,,local/postgres:latest,connection attempt | source.ip=198.51.100.159 | destination.ip=192.168.1.120 | destination.port=5432 | event.outcome=failure,,,,,,
"Mar 5, 2025 @ 01:17:37.555",web,sql_injection_pattern,203.0.113.7,26795,10.10.12.243,5432,,docker.elastic.co/kibana/kibana:8.12.0,sql injection pattern | source.ip=203.0.113.7 | destination.ip=10.10.12.243 | destination.port=5432 | event.outcome=failure | url.path=/admin,,,,,,
"Mar 5, 2025 @ 01:28:51.899",authentication,user_logout,192.0.2.139,23922,192.168.1.25,443,svc-backup,local/logstash:latest,user logout | source.ip=192.0.2.139 | destination.ip=192.168.1.25 | destination.port=443 | event.outcome=unknown | user.name=svc-backup,,,,,,
"Mar 5, 2025 @ 01:34:55.607",network,connection_denied,192.168.1.105,31111,10.10.20.22,5044,,local/nginx:latest,connection denied | source.ip=192.168.1.105 | destination.ip=10.10.20.22 | destination.port=5044 | event.outcome=failure,,,,,,
"Mar 5, 2025 @ 01:44:29.547",network,connection_denied,192.0.2.181,1689,172.16.5.144,5432,,docker.elastic.co/kibana/kibana:8.12.0,connection denied | source.ip=192.0.2.181 | destination.ip=172.16.5.144 | destination.port=5432 | event.outcome=failure,,,,,,
"Mar 5, 2025 @ 01:46:56.238",authentication,ssh_login,192.168.1.30,10736,192.168.1.40,3306,elastic,local/postgres:latest,ssh login | source.ip=192.168.1.30 | destination.ip=192.168.1.40 | destination.port=3306 | event.outcome=success | user.name=elastic,,,,,,
"Mar 5, 2025 @ 01:47:27.391",process,file_write,192.168.1.112,39419,10.10.20.176,3389,guest,local/postgres:latest,file write | source.ip=192.168.1.112 | destination.ip=10.10.20.176 | destination.port=3389 | event.outcome=failure | user.name=guest,,,,,,
"Mar 5, 2025 @ 01:51:34.646",web,http_500,172.16.5.242,58501,10.10.12.31,5601,,docker.elastic.co/elasticsearch/elasticsearch:8.12.0,http 500 | source.ip=172.16.5.242 | destination.ip=10.10.12.31 | destination.port=5601 | event.outcome=failure | url.path=/login,,,,,,
"Mar 5, 2025 @ 02:09:18.880",web,directory_traversal_pattern,203.0.113.86,28322,10.10.12.252,3306,,local/postgres:latest,directory traversal pattern | source.ip=203.0.113.86 | destination.ip=10.10.12.252 | destination.port=3306 | event.outcome=failure | url.path=/search?q=test,,,,,,
"Mar 5, 2025 @ 02:12:42.471",web,http_request,192.168.1.119,33715,10.10.20.248,22,,local/postgres:latest,http request | source.ip=192.168.1.119 | destination.ip=10.10.20.248 | destination.port=22 | event.outcome=unknown | url.path=/search?q=test,,,,,,
"Mar 5, 2025 @ 02:14:54.208",network,dns_query,172.16.5.97,61512,10.10.20.177,5044,,docker.elastic.co/elasticsearch/elasticsearch:8.12.0,dns query | source.ip=172.16.5.97 | destination.ip=10.10.20.177 | destination.port=5044 | event.outcome=failure,,,,,,
"Mar 5, 2025 @ 02:18:53.095",authentication,failed_login,10.10.20.200,35515,10.10.12.218,9200,elastic,local/auth-service:latest,failed login | source.ip=10.10.20.200 | destination.ip=10.10.12.218 | destination.port=9200 | event.outcome=failure | user.name=elastic,,,,,,
"Mar 5, 2025 @ 02:19:10.522",network,connection_denied,10.10.12.41,41514,10.10.20.195,22,,local/nginx:latest,connection denied | source.ip=10.10.12.41 | destination.ip=10.10.20.195 | destination.port=22 | event.outcome=failure,,,,,,
"Mar 5, 2025 @ 02:22:18.920",network,connection_denied,172.16.5.144,62725,172.16.5.59,5601,,local/auth-service:latest,connection denied | source.ip=172.16.5.144 | destination.ip=172.16.5.59 | destination.port=5601 | event.outcome=failure,,,,,,
"Mar 5, 2025 @ 02:26:53.325",process,file_write,192.168.1.40,13074,172.16.5.98,5432,root,docker.elastic.co/kibana/kibana:8.12.0,file write | source.ip=192.168.1.40 | destination.ip=172.16.5.98 | destination.port=5432 | event.outcome=failure | user.name=root,,,,,,
"Mar 5, 2025 @ 02:38:10.313",authentication,user_login,198.51.100.97,21909,10.10.20.9,53,m.rahman,docker.elastic.co/kibana/kibana:8.12.0,user login | source.ip=198.51.100.97 | destination.ip=10.10.20.9 | destination.port=53 | event.outcome=success | user.name=m.rahman,,,,,,
"Mar 5, 2025 @ 02:41:40.100",authentication,user_logout,10.10.20.24,50336,10.10.12.37,53,guest,local/nginx:latest,user logout | source.ip=10.10.20.24 | destination.ip=10.10.12.37 | destination.port=53 | event.outcome=unknown | user.name=guest,,,,,,
"Mar 5, 2025 @ 02:44:39.990",database,db_error,192.0.2.105,53524,172.16.5.133,3389,kibana_system,docker.elastic.co/kibana/kibana:8.12.0,db error | source.ip=192.0.2.105 | destination.ip=172.16.5.133 | destination.port=3389 | event.outcome=failure | user.name=kibana_system,,,,,,
"Mar 5, 2025 @ 03:04:57.451",network,connection_attempt,10.10.12.103,23274,172.16.5.192,443,,docker.elastic.co/elasticsearch/elasticsearch:8.12.0,connection attempt | source.ip=10.10.12.103 | destination.ip=172.16.5.192 | destination.port=443 | event.outcome=unknown,,,,,,
"Mar 5, 2025 @ 03:19:41.049",web,http_500,10.10.12.174,2664,10.10.20.122,3306,,local/auth-service:latest,http 500 | source.ip=10.10.12.174 | destination.ip=10.10.20.122 | destination.port=3306 | event.outcome=failure | url.path=/login,,,,,,
"Mar 5, 2025 @ 03:20:23.566",authentication,failed_login,192.168.1.199,60035,10.10.20.189,5432,svc-backup,docker.elastic.co/elasticsearch/elasticsearch:8.12.0,failed login | source.ip=192.168.1.199 | destination.ip=10.10.20.189 | destination.port=5432 | event.outcome=failure | user.name=svc-backup,,,,,,
"Mar 5, 2025 @ 03:24:00.431",network,connection_denied,10.10.12.112,59454,172.16.5.164,5044,,docker.elastic.co/kibana/kibana:8.12.0,connection denied | source.ip=10.10.12.112 | destination.ip=172.16.5.164 | destination.port=5044 | event.outcome=failure,,,,,,
"Mar 5, 2025 @ 03:31:19.141",authentication,sudo_attempt,203.0.113.226,4820,172.16.5.63,443,elastic,local/auth-service:latest,sudo attempt | source.ip=203.0.113.226 | destination.ip=172.16.5.63 | destination.port=443 | event.outcome=failure | user.name=elastic,,,,,,
"Mar 5, 2025 @ 03:32:00.935",process,shell_command,172.16.5.72,19169,172.16.5.222,5601,j.smith,docker.elastic.co/kibana/kibana:8.12.0,shell command | source.ip=172.16.5.72 | destination.ip=172.16.5.222 | destination.port=5601 | event.outcome=success | user.name=j.smith,,,,,,
"Mar 5, 2025 @ 03:33:20.802",authentication,sudo_attempt,192.0.2.224,45793,192.168.1.160,443,root,docker.elastic.co/kibana/kibana:8.12.0,sudo attempt | source.ip=192.0.2.224 | destination.ip=192.168.1.160 | destination.port=443 | event.outcome=success | user.name=root,,,,,,
"Mar 5, 2025 @ 03:35:05.443",process,process_ended,192.0.2.102,65165,10.10.20.188,443,admin,local/logstash:latest,process ended | source.ip=192.0.2.102 | destination.ip=10.10.20.188 | destination.port=443 | event.outcome=failure | user.name=admin,,,,,,
"Mar 5, 2025 @ 03:37:26.518",authentication,sudo_attempt,192.168.1.95,30135,10.10.20.250,3306,j.smith,docker.elastic.co/kibana/kibana:8.12.0,sudo attempt | source.ip=192.168.1.95 | destination.ip=10.10.20.250 | destination.port=3306 | event.outcome=unknown | user.name=j.smith,,,,,,
"Mar 5, 2025 @ 03:44:22.184",web,sql_injection_pattern,192.0.2.53,12665,192.168.1.82,9300,,local/auth-service:latest,sql injection pattern | source.ip=192.0.2.53 | destination.ip=192.168.1.82 | destination.port=9300 | event.outcome=failure | url.path=/search?q=test,,,,,,
"Mar 5, 2025 @ 03:47:17.756",database,db_login,192.0.2.86,56404,10.10.12.225,5044,elastic,docker.elastic.co/elasticsearch/elasticsearch:8.12.0,db login | source.ip=192.0.2.86 | destination.ip=10.10.12.225 | destination.port=5044 | event.outcome=success | user.name=elastic,,,,,,
"Mar 5, 2025 @ 03:52:21.876",process,process_ended,203.0.113.118,59218,172.16.5.113,3389,kibana_system,local/nginx:latest,process ended | source.ip=203.0.113.118 | destination.ip=172.16.5.113 | destination.port=3389 | event.outcome=success | user.name=kibana_system,,,,,,
"Mar 5, 2025 @ 03:52:42.794",authentication,sudo_attempt,203.0.113.37,56204,10.10.20.82,5044,admin,docker.elastic.co/elasticsearch/elasticsearch:8.12.0,sudo attempt | source.ip=203.0.113.37 | destination.ip=10.10.20.82 | destination.port=5044 | event.outcome=unknown | user.name=admin,,,,,,
"Mar 5, 2025 @ 03:58:28.877",network,port_scan_detected,203.0.113.97,62558,172.16.5.144,9200,,local/postgres:latest,port scan detected | source.ip=203.0.113.97 | destination.ip=172.16.5.144 | destination.port=9200 | event.outcome=success,,,,,,
"Mar 5, 2025 @ 04:00:48.779",web,directory_traversal_pattern,192.0.2.175,17538,192.168.1.74,3389,,docker.elastic.co/elasticsearch/elasticsearch:8.12.0,directory traversal pattern | source.ip=192.0.2.175 | destination.ip=192.168.1.74 | destination.port=3389 | event.outcome=success | url.path=/api/status,,,,,,
"Mar 5, 2025 @ 04:01:39.158",authentication,sudo_attempt,192.168.1.45,20758,10.10.20.70,5601,root,docker.elastic.co/elasticsearch/elasticsearch:8.12.0,sudo attempt | source.ip=192.168.1.45 | destination.ip=10.10.20.70 | destination.port=5601 | event.outcome=unknown | user.name=root,,,,,,
"Mar 5, 2025 @ 04:04:37.054",web,http_500,192.0.2.187,49878,10.10.12.130,9200,,local/nginx:latest,http 500 | source.ip=192.0.2.187 | destination.ip=10.10.12.130 | destination.port=9200 | event.outcome=failure | url.path=/app/discover,,,,,,
"Mar 5, 2025 @ 04:06:26.234",web,sql_injection_pattern,203.0.113.126,23052,10.10.12.101,3389,,local/nginx:latest,sql injection pattern | source.ip=203.0.113.126 | destination.ip=10.10.12.101 | destination.port=3389 | event.outcome=failure | url.path=/api/status,,,,,,
"Mar 5, 2025 @ 04:10:16.663",process,process_ended,192.0.2.154,59267,10.10.12.137,22,m.rahman,docker.elastic.co/kibana/kibana:8.12.0,process ended | source.ip=192.0.2.154 | destination.ip=10.10.12.137 | destination.port=22 | event.outcome=success | user.name=m.rahman,,,,,,
"Mar 5, 2025 @ 04:12:51.734",authentication,sudo_attempt,10.10.12.245,47447,192.168.1.243,443,root,local/auth-service:latest,sudo attempt | source.ip=10.10.12.245 | destination.ip=192.168.1.243 | destination.port=443 | event.outcome=unknown | user.name=root,,,,,,
"Mar 5, 2025 @ 04:29:18.194",web,http_request,198.51.100.250,34748,192.168.1.223,22,,docker.elastic.co/elasticsearch/elasticsearch:8.12.0,http request | source.ip=198.51.100.250 | destination.ip=192.168.1.223 | destination.port=22 | event.outcome=failure | url.path=/app/discover,,,,,,
"Mar 5, 2025 @ 04:30:08.046",authentication,user_logout,203.0.113.62,18521,192.168.1.194,9200,j.smith,local/logstash:latest,user logout | source.ip=203.0.113.62 | destination.ip=192.168.1.194 | destination.port=9200 | event.outcome=success | user.name=j.smith,,,,,,
"Mar 5, 2025 @ 04:30:35.285",authentication,ssh_login,203.0.113.75,63762,192.168.1.180,5432,root,docker.elastic.co/kibana/kibana:8.12.0,ssh login | source.ip=203.0.113.75 | destination.ip=192.168.1.180 | destination.port=5432 | event.outcome=success | user.name=root,,,,,,
"Mar 5, 2025 @ 04:45:45.456",authentication,user_login,10.10.20.129,47253,172.16.5.132,5601,guest,local/nginx:latest,user login | source.ip=10.10.20.129 | destination.ip=172.16.5.132 | destination.port=5601 | event.outcome=success | user.name=guest,,,,,,
"Mar 5, 2025 @ 04:46:25.480",authentication,user_login,198.51.100.229,30753,10.10.20.101,9200,guest,local/nginx:latest,user login | source.ip=198.51.100.229 | destination.ip=10.10.20.101 | destination.port=9200 | event.outcome=success | user.name=guest,,,,,,
"Mar 5, 2025 @ 05:00:46.778",network,dns_query,192.168.1.233,58738,10.10.12.221,3306,,docker.elastic.co/elasticsearch/elasticsearch:8.12.0,dns query | source.ip=192.168.1.233 | destination.ip=10.10.12.221 | destination.port=3306 | event.outcome=success,,,,,,
"Mar 5, 2025 @ 05:04:56.980",process,process_ended,172.16.5.212,52895,10.10.12.133,80,elastic,local/auth-service:latest,process ended | source.ip=172.16.5.212 | destination.ip=10.10.12.133 | destination.port=80 | event.outcome=failure | user.name=elastic,,,,,,
"Mar 5, 2025 @ 05:10:18.565",process,process_ended,192.168.1.202,36709,172.16.5.124,5044,m.rahman,local/nginx:latest,process ended | source.ip=192.168.1.202 | destination.ip=172.16.5.124 | destination.port=5044 | event.outcome=unknown | user.name=m.rahman,,,,,,
"Mar 5, 2025 @ 05:11:37.015",web,sql_injection_pattern,192.0.2.133,10433,10.10.20.185,5601,,local/postgres:latest,sql injection pattern | source.ip=192.0.2.133 | destination.ip=10.10.20.185 | destination.port=5601 | event.outcome=unknown | url.path=/admin,,,,,,
"Mar 5, 2025 @ 05:13:52.735",network,connection_accepted,198.51.100.5,3634,172.16.5.57,22,,local/auth-service:latest,connection accepted | source.ip=198.51.100.5 | destination.ip=172.16.5.57 | destination.port=22 | event.outcome=success,,,,,,
"Mar 5, 2025 @ 05:13:54.038",authentication,sudo_attempt,10.10.12.132,8495,10.10.12.74,53,root,local/postgres:latest,sudo attempt | source.ip=10.10.12.132 | destination.ip=10.10.12.74 | destination.port=53 | event.outcome=failure | user.name=root,,,,,,
"Mar 5, 2025 @ 05:19:48.079",network,port_scan_detected,198.51.100.132,53981,10.10.20.251,80,,local/postgres:latest,port scan detected | source.ip=198.51.100.132 | destination.ip=10.10.20.251 | destination.port=80 | event.outcome=failure,,,,,,
"Mar 5, 2025 @ 05:19:48.781",network,connection_attempt,203.0.113.188,57494,172.16.5.206,53,,docker.elastic.co/kibana/kibana:8.12.0,connection attempt | source.ip=203.0.113.188 | destination.ip=172.16.5.206 | destination.port=53 | event.outcome=unknown,,,,,,
"Mar 5, 2025 @ 05:21:11.216",authentication,sudo_attempt,10.10.12.193,31119,10.10.20.8,9200,admin,docker.elastic.co/elasticsearch/elasticsearch:8.12.0,sudo attempt | source.ip=10.10.12.193 | destination.ip=10.10.20.8 | destination.port=9200 | event.outcome=unknown | user.name=admin,,,,,,
"Mar 5, 2025 @ 05:24:01.124",process,shell_command,198.51.100.32,8859,10.10.20.82,5432,kibana_system,docker.elastic.co/kibana/kibana:8.12.0,shell command | source.ip=198.51.100.32 | destination.ip=10.10.20.82 | destination.port=5432 | event.outcome=failure | user.name=kibana_system,,,,,,
"Mar 5, 2025 @ 05:39:33.875",database,db_query,198.51.100.43,47510,172.16.5.241,443,m.rahman,docker.elastic.co/elasticsearch/elasticsearch:8.12.0,db query | source.ip=198.51.100.43 | destination.ip=172.16.5.241 | destination.port=443 | event.outcome=unknown | user.name=m.rahman,,,,,,
"Mar 5, 2025 @ 05:50:12.108",database,db_login,10.10.12.118,44676,10.10.12.81,3389,kibana_system,docker.elastic.co/elasticsearch/elasticsearch:8.12.0,db login | source.ip=10.10.12.118 | destination.ip=10.10.12.81 | destination.port=3389 | event.outcome=success | user.name=kibana_system,,,,,,
"Mar 5, 2025 @ 05:50:46.443",process,file_write,198.51.100.60,45082,10.10.12.197,5601,admin,local/nginx:latest,file write | source.ip=198.51.100.60 | destination.ip=10.10.12.197 | destination.port=5601 | event.outcome=unknown | user.name=admin,,,,,,
"Mar 5, 2025 @ 05:55:06.837",authentication,failed_login,10.10.12.173,36508,172.16.5.208,9300,svc-backup,local/nginx:latest,failed login | source.ip=10.10.12.173 | destination.ip=172.16.5.208 | destination.port=9300 | event.outcome=failure | user.name=svc-backup,,,,,,
"Mar 5, 2025 @ 05:57:28.395",process,process_ended,203.0.113.46,52568,10.10.20.35,5432,m.rahman,docker.elastic.co/kibana/kibana:8.12.0,process ended | source.ip=203.0.113.46 | destination.ip=10.10.20.35 | destination.port=5432 | event.outcome=failure | user.name=m.rahman,,,,,,
"Mar 5, 2025 @ 05:59:41.925",web,directory_traversal_pattern,192.0.2.11,37234,172.16.5.151,80,,docker.elastic.co/elasticsearch/elasticsearch:8.12.0,directory traversal pattern | source.ip=192.0.2.11 | destination.ip=172.16.5.151 | destination.port=80 | event.outcome=unknown | url.path=/wp-login.php,,,,,,
"Mar 5, 2025 @ 06:00:09.139",authentication,failed_login,192.168.1.33,42313,10.10.12.251,3306,svc-backup,local/logstash:latest,failed login | source.ip=192.168.1.33 | destination.ip=10.10.12.251 | destination.port=3306 | event.outcome=failure | user.name=svc-backup,,,,,,
"Mar 5, 2025 @ 06:00:33.299",authentication,sudo_attempt,192.168.1.87,7879,172.16.5.173,80,m.rahman,local/auth-service:latest,sudo attempt | source.ip=192.168.1.87 | destination.ip=172.16.5.173 | destination.port=80 | event.outcome=success | user.name=m.rahman,,,,,,
"Mar 5, 2025 @ 06:00:53.032",authentication,ssh_login,192.0.2.180,8182,172.16.5.37,3306,svc-backup,docker.elastic.co/elasticsearch/elasticsearch:8.12.0,ssh login | source.ip=192.0.2.180 | destination.ip=172.16.5.37 | destination.port=3306 | event.outcome=success | user.name=svc-backup,,,,,,
"Mar 5, 2025 @ 06:25:15.435",process,process_ended,172.16.5.157,57482,10.10.20.82,9200,m.rahman,docker.elastic.co/kibana/kibana:8.12.0,process ended | source.ip=172.16.5.157 | destination.ip=10.10.20.82 | destination.port=9200 | event.outcome=failure | user.name=m.rahman,,,,,,
"Mar 5, 2025 @ 06:31:48.639",web,sql_injection_pattern,192.0.2.17,28288,10.10.20.28,3306,,docker.elastic.co/kibana/kibana:8.12.0,sql injection pattern | source.ip=192.0.2.17 | destination.ip=10.10.20.28 | destination.port=3306 | event.outcome=success | url.path=/../../etc/passwd,,,,,,
"Mar 5, 2025 @ 06:34:01.477",authentication,ssh_login,203.0.113.158,8510,192.168.1.152,9200,m.rahman,local/postgres:latest,ssh login | source.ip=203.0.113.158 | destination.ip=192.168.1.152 | destination.port=9200 | event.outcome=success | user.name=m.rahman,,,,,,
"Mar 5, 2025 @ 06:43:49.465",web,http_404,10.10.20.35,27276,10.10.20.212,9200,,docker.elastic.co/elasticsearch/elasticsearch:8.12.0,http 404 | source.ip=10.10.20.35 | destination.ip=10.10.20.212 | destination.port=9200 | event.outcome=failure | url.path=/,,,,,,
"Mar 5, 2025 @ 07:06:35.073",web,sql_injection_pattern,198.51.100.215,62642,10.10.20.142,3306,,local/logstash:latest,sql injection pattern | source.ip=198.51.100.215 | destination.ip=10.10.20.142 | destination.port=3306 | event.outcome=success | url.path=/app/discover,,,,,,
"Mar 5, 2025 @ 07:09:01.225",authentication,ssh_login,192.0.2.141,25339,192.168.1.49,9300,m.rahman,local/nginx:latest,ssh login | source.ip=192.0.2.141 | destination.ip=192.168.1.49 | destination.port=9300 | event.outcome=success | user.name=m.rahman,,,,,,
"Mar 5, 2025 @ 07:20:08.899",network,dns_query,203.0.113.166,31552,10.10.12.117,3389,,local/postgres:latest,dns query | source.ip=203.0.113.166 | destination.ip=10.10.12.117 | destination.port=3389 | event.outcome=success,,,,,,
"Mar 5, 2025 @ 07:22:37.718",process,shell_command,192.168.1.231,23642,192.168.1.211,80,j.smith,local/logstash:latest,shell command | source.ip=192.168.1.231 | destination.ip=192.168.1.211 | destination.port=80 | event.outcome=unknown | user.name=j.smith,,,,,,
"Mar 5, 2025 @ 07:24:21.256",network,connection_attempt,172.16.5.23,30470,10.10.20.71,5432,,docker.elastic.co/elasticsearch/elasticsearch:8.12.0,connection attempt | source.ip=172.16.5.23 | destination.ip=10.10.20.71 | destination.port=5432 | event.outcome=unknown,,,,,,
"Mar 5, 2025 @ 07:32:32.714",network,port_scan_detected,198.51.100.148,57123,192.168.1.61,9300,,local/auth-service:latest,port scan detected | source.ip=198.51.100.148 | destination.ip=192.168.1.61 | destination.port=9300 | event.outcome=success,,,,,,
"Mar 5, 2025 @ 07:33:07.002",authentication,ssh_login,203.0.113.83,10908,10.10.12.37,443,guest,local/auth-service:latest,ssh login | source.ip=203.0.113.83 | destination.ip=10.10.12.37 | destination.port=443 | event.outcome=success | user.name=guest,,,,,,
"Mar 5, 2025 @ 07:34:44.168",network,connection_attempt,192.168.1.6,57231,10.10.12.239,80,,docker.elastic.co/elasticsearch/elasticsearch:8.12.0,connection attempt | source.ip=192.168.1.6 | destination.ip=10.10.12.239 | destination.port=80 | event.outcome=unknown,,,,,,
"Mar 5, 2025 @ 07:48:43.436",process,process_started,10.10.12.65,51122,10.10.12.144,9300,svc-backup,local/nginx:latest,process started | source.ip=10.10.12.65 | destination.ip=10.10.12.144 | destination.port=9300 | event.outcome=unknown | user.name=svc-backup,,,,,,
"Mar 5, 2025 @ 07:59:37.213",database,db_error,172.16.5.58,17449,10.10.20.160,3389,kibana_system,local/auth-service:latest,db error | source.ip=172.16.5.58 | destination.ip=10.10.20.160 | destination.port=3389 | event.outcome=failure | user.name=kibana_system,,,,,,
"Mar 5, 2025 @ 08:05:13.503",process,process_ended,192.168.1.20,32431,192.168.1.155,3306,guest,local/postgres:latest,process ended | source.ip=192.168.1.20 | destination.ip=192.168.1.155 | destination.port=3306 | event.outcome=success | user.name=guest,,,,,,
"Mar 5, 2025 @ 08:06:55.402",authentication,user_logout,10.10.20.157,62062,10.10.20.85,3306,m.rahman,local/nginx:latest,user logout | source.ip=10.10.20.157 | destination.ip=10.10.20.85 | destination.port=3306 | event.outcome=failure | user.name=m.rahman,,,,,,
"Mar 5, 2025 @ 08:11:13.050",database,db_login,192.168.1.19,19525,192.168.1.223,5601,m.rahman,local/postgres:latest,db login | source.ip=192.168.1.19 | destination.ip=192.168.1.223 | destination.port=5601 | event.outcome=success | user.name=m.rahman,,,,,,
"Mar 5, 2025 @ 08:25:52.590",authentication,user_logout,10.10.12.94,53692,172.16.5.121,5432,kibana_system,docker.elastic.co/elasticsearch/elasticsearch:8.12.0,user logout | source.ip=10.10.12.94 | destination.ip=172.16.5.121 | destination.port=5432 | event.outcome=success | user.name=kibana_system,,,,,,
"Mar 5, 2025 @ 08:35:41.786",network,connection_attempt,10.10.12.103,1221,172.16.5.211,443,,local/nginx:latest,connection attempt | source.ip=10.10.12.103 | destination.ip=172.16.5.211 | destination.port=443 | event.outcome=unknown,,,,,,
"Mar 5, 2025 @ 08:43:36.202",web,directory_traversal_pattern,192.0.2.51,6420,172.16.5.133,53,,local/auth-service:latest,directory traversal pattern | source.ip=192.0.2.51 | destination.ip=172.16.5.133 | destination.port=53 | event.outcome=failure | url.path=/login,,,,,,
"Mar 5, 2025 @ 08:45:08.823",authentication,user_logout,10.10.20.152,5676,10.10.20.3,3389,admin,docker.elastic.co/elasticsearch/elasticsearch:8.12.0,user logout | source.ip=10.10.20.152 | destination.ip=10.10.20.3 | destination.port=3389 | event.outcome=success | user.name=admin,,,,,,
"Mar 5, 2025 @ 08:48:51.634",web,sql_injection_pattern,198.51.100.22,20399,172.16.5.171,5601,,docker.elastic.co/kibana/kibana:8.12.0,sql injection pattern | source.ip=198.51.100.22 | destination.ip=172.16.5.171 | destination.port=5601 | event.outcome=unknown | url.path=/search?q=test,,,,,,
"Mar 5, 2025 @ 08:57:19.357",authentication,ssh_login,10.10.20.178,16392,192.168.1.86,22,admin,docker.elastic.co/elasticsearch/elasticsearch:8.12.0,ssh login | source.ip=10.10.20.178 | destination.ip=192.168.1.86 | destination.port=22 | event.outcome=success | user.name=admin,,,,,,
"Mar 5, 2025 @ 09:14:45.933",process,file_write,192.168.1.214,11454,192.168.1.231,5044,root,docker.elastic.co/kibana/kibana:8.12.0,file write | source.ip=192.168.1.214 | destination.ip=192.168.1.231 | destination.port=5044 | event.outcome=unknown | user.name=root,,,,,,
"Mar 5, 2025 @ 09:18:12.145",authentication,ssh_login,192.0.2.110,36367,10.10.20.239,443,j.smith,local/auth-service:latest,ssh login | source.ip=192.0.2.110 | destination.ip=10.10.20.239 | destination.port=443 | event.outcome=success | user.name=j.smith,,,,,,
"Mar 5, 2025 @ 09:20:21.196",web,http_request,192.168.1.92,16526,10.10.20.47,3306,,local/postgres:latest,http request | source.ip=192.168.1.92 | destination.ip=10.10.20.47 | destination.port=3306 | event.outcome=success | url.path=/,,,,,,
"Mar 5, 2025 @ 09:22:25.014",web,http_500,10.10.20.77,9408,10.10.12.122,5601,,local/auth-service:latest,http 500 | source.ip=10.10.20.77 | destination.ip=10.10.12.122 | destination.port=5601 | event.outcome=failure | url.path=/login,,,,,,
"Mar 5, 2025 @ 09:24:20.064",web,sql_injection_pattern,203.0.113.233,38459,10.10.12.130,5432,,local/nginx:latest,sql injection pattern | source.ip=203.0.113.233 | destination.ip=10.10.12.130 | destination.port=5432 | event.outcome=failure | url.path=/api/status,,,,,,
"Mar 5, 2025 @ 09:24:36.262",network,dns_query,192.168.1.11,27433,10.10.20.72,80,,local/nginx:latest,dns query | source.ip=192.168.1.11 | destination.ip=10.10.20.72 | destination.port=80 | event.outcome=unknown,,,,,,
"Mar 5, 2025 @ 09:27:22.969",process,process_started,172.16.5.44,65485,10.10.12.146,3389,guest,local/nginx:latest,process started | source.ip=172.16.5.44 | destination.ip=10.10.12.146 | destination.port=3389 | event.outcome=success | user.name=guest,,,,,,
"Mar 5, 2025 @ 09:43:50.795",network,connection_accepted,198.51.100.241,54073,10.10.12.10,3389,,docker.elastic.co/kibana/kibana:8.12.0,connection accepted | source.ip=198.51.100.241 | destination.ip=10.10.12.10 | destination.port=3389 | event.outcome=success,,,,,,
"Mar 5, 2025 @ 09:50:51.285",network,port_scan_detected,203.0.113.31,39241,10.10.20.185,5044,,docker.elastic.co/elasticsearch/elasticsearch:8.12.0,port scan detected | source.ip=203.0.113.31 | destination.ip=10.10.20.185 | destination.port=5044 | event.outcome=failure,,,,,,
"Mar 5, 2025 @ 09:55:15.221",network,connection_attempt,192.0.2.162,7380,192.168.1.53,22,,local/auth-service:latest,connection attempt | source.ip=192.0.2.162 | destination.ip=192.168.1.53 | destination.port=22 | event.outcome=failure,,,,,,
"Mar 5, 2025 @ 09:58:44.509",network,port_scan_detected,203.0.113.89,1192,172.16.5.212,5601,,docker.elastic.co/kibana/kibana:8.12.0,port scan detected | source.ip=203.0.113.89 | destination.ip=172.16.5.212 | destination.port=5601 | event.outcome=success,,,,,,
"Mar 5, 2025 @ 10:01:52.848",authentication,user_login,192.168.1.167,65074,172.16.5.146,53,admin,docker.elastic.co/kibana/kibana:8.12.0,user login | source.ip=192.168.1.167 | destination.ip=172.16.5.146 | destination.port=53 | event.outcome=success | user.name=admin,,,,,,
"Mar 5, 2025 @ 10:07:18.137",authentication,ssh_login,10.10.12.25,27526,172.16.5.58,443,j.smith,local/nginx:latest,ssh login | source.ip=10.10.12.25 | destination.ip=172.16.5.58 | destination.port=443 | event.outcome=success | user.name=j.smith,,,,,,
"Mar 5, 2025 @ 10:21:25.469",network,dns_query,198.51.100.14,26199,172.16.5.244,3306,,docker.elastic.co/kibana/kibana:8.12.0,dns query | source.ip=198.51.100.14 | destination.ip=172.16.5.244 | destination.port=3306 | event.outcome=failure,,,,,,
"Mar 5, 2025 @ 10:21:57.246",authentication,sudo_attempt,192.168.1.101,52673,192.168.1.246,3389,m.rahman,docker.elastic.co/elasticsearch/elasticsearch:8.12.0,sudo attempt | source.ip=192.168.1.101 | destination.ip=192.168.1.246 | destination.port=3389 | event.outcome=unknown | user.name=m.rahman,,,,,,
"Mar 5, 2025 @ 10:25:59.139",process,shell_command,203.0.113.19,42402,192.168.1.115,5601,j.smith,local/logstash:latest,shell command | source.ip=203.0.113.19 | destination.ip=192.168.1.115 | destination.port=5601 | event.outcome=unknown | user.name=j.smith,,,,,,
"Mar 5, 2025 @ 10:27:25.039",authentication,ssh_login,203.0.113.99,30823,172.16.5.56,9200,m.rahman,local/logstash:latest,ssh login | source.ip=203.0.113.99 | destination.ip=172.16.5.56 | destination.port=9200 | event.outcome=success | user.name=m.rahman,,,,,,
"Mar 5, 2025 @ 10:44:37.159",database,db_login,192.0.2.106,52161,10.10.12.223,3389,admin,docker.elastic.co/kibana/kibana:8.12.0,db login | source.ip=192.0.2.106 | destination.ip=10.10.12.223 | destination.port=3389 | event.outcome=success | user.name=admin,,,,,,
"Mar 5, 2025 @ 10:52:20.054",database,large_export,192.0.2.178,46715,10.10.20.28,5601,elastic,local/logstash:latest,large export | source.ip=192.0.2.178 | destination.ip=10.10.20.28 | destination.port=5601 | event.outcome=unknown | user.name=elastic,,,,,,
"Mar 5, 2025 @ 11:20:08.800",network,port_scan_detected,203.0.113.171,16743,10.10.12.42,80,,docker.elastic.co/elasticsearch/elasticsearch:8.12.0,port scan detected | source.ip=203.0.113.171 | destination.ip=10.10.12.42 | destination.port=80 | event.outcome=success,,,,,,
"Mar 5, 2025 @ 11:22:28.139",network,connection_denied,203.0.113.47,47424,172.16.5.5,5432,,docker.elastic.co/elasticsearch/elasticsearch:8.12.0,connection denied | source.ip=203.0.113.47 | destination.ip=172.16.5.5 | destination.port=5432 | event.outcome=failure,,,,,,
"Mar 5, 2025 @ 11:31:41.842",authentication,user_logout,192.168.1.20,18361,10.10.20.238,3389,svc-backup,docker.elastic.co/elasticsearch/elasticsearch:8.12.0,user logout | source.ip=192.168.1.20 | destination.ip=10.10.20.238 | destination.port=3389 | event.outcome=failure | user.name=svc-backup,,,,,,
"Mar 5, 2025 @ 11:34:23.086",database,db_error,10.10.20.173,44963,10.10.12.167,9300,m.rahman,local/logstash:latest,db error | source.ip=10.10.20.173 | destination.ip=10.10.12.167 | destination.port=9300 | event.outcome=failure | user.name=m.rahman,,,,,,
"Mar 5, 2025 @ 11:39:47.264",web,sql_injection_pattern,203.0.113.188,27451,172.16.5.197,9200,,docker.elastic.co/elasticsearch/elasticsearch:8.12.0,sql injection pattern | source.ip=203.0.113.188 | destination.ip=172.16.5.197 | destination.port=9200 | event.outcome=success | url.path=/api/users,,,,,,
"Mar 5, 2025 @ 11:40:40.152",process,shell_command,10.10.20.107,5018,172.16.5.72,5432,kibana_system,local/postgres:latest,shell command | source.ip=10.10.20.107 | destination.ip=172.16.5.72 | destination.port=5432 | event.outcome=success | user.name=kibana_system,,,,,,
"Mar 5, 2025 @ 11:49:36.388",process,file_write,198.51.100.196,28720,10.10.20.180,9200,j.smith,docker.elastic.co/kibana/kibana:8.12.0,file write | source.ip=198.51.100.196 | destination.ip=10.10.20.180 | destination.port=9200 | event.outcome=unknown | user.name=j.smith,,,,,,
"Mar 5, 2025 @ 11:50:44.077",web,directory_traversal_pattern,192.0.2.163,14767,10.10.20.53,3306,,local/auth-service:latest,directory traversal pattern | source.ip=192.0.2.163 | destination.ip=10.10.20.53 | destination.port=3306 | event.outcome=unknown | url.path=/api/status,,,,,,
"Mar 5, 2025 @ 11:52:25.402",authentication,failed_login,10.10.12.175,54769,172.16.5.68,80,admin,local/nginx:latest,failed login | source.ip=10.10.12.175 | destination.ip=172.16.5.68 | destination.port=80 | event.outcome=failure | user.name=admin,,,,,,
"Mar 5, 2025 @ 11:56:08.848",network,connection_attempt,10.10.12.131,17260,10.10.20.12,5044,,local/logstash:latest,connection attempt | source.ip=10.10.12.131 | destination.ip=10.10.20.12 | destination.port=5044 | event.outcome=failure,,,,,,
"Mar 5, 2025 @ 11:58:46.884",authentication,sudo_attempt,10.10.20.95,63209,192.168.1.19,3389,m.rahman,local/auth-service:latest,sudo attempt | source.ip=10.10.20.95 | destination.ip=192.168.1.19 | destination.port=3389 | event.outcome=unknown | user.name=m.rahman,,,,,,
"Mar 5, 2025 @ 12:00:39.813",network,connection_accepted,198.51.100.74,44745,192.168.1.136,5601,,local/nginx:latest,connection accepted | source.ip=198.51.100.74 | destination.ip=192.168.1.136 | destination.port=5601 | event.outcome=success,,,,,,
"Mar 5, 2025 @ 12:07:38.008",network,port_scan_detected,192.0.2.91,36332,172.16.5.154,80,,local/logstash:latest,port scan detected | source.ip=192.0.2.91 | destination.ip=172.16.5.154 | destination.port=80 | event.outcome=success,,,,,,
"Mar 5, 2025 @ 12:19:23.778",database,db_error,203.0.113.245,24792,10.10.20.220,53,m.rahman,docker.elastic.co/elasticsearch/elasticsearch:8.12.0,db error | source.ip=203.0.113.245 | destination.ip=10.10.20.220 | destination.port=53 | event.outcome=failure | user.name=m.rahman,,,,,,
"Mar 5, 2025 @ 12:25:02.458",network,connection_accepted,192.168.1.40,43189,10.10.12.4,80,,docker.elastic.co/kibana/kibana:8.12.0,connection accepted | source.ip=192.168.1.40 | destination.ip=10.10.12.4 | destination.port=80 | event.outcome=success,,,,,,
"Mar 5, 2025 @ 12:30:08.250",web,sql_injection_pattern,192.0.2.52,30437,10.10.20.77,80,,docker.elastic.co/kibana/kibana:8.12.0,sql injection pattern | source.ip=192.0.2.52 | destination.ip=10.10.20.77 | destination.port=80 | event.outcome=unknown | url.path=/api/users,,,,,,
"Mar 5, 2025 @ 12:55:59.636",process,file_write,10.10.12.105,62387,172.16.5.179,9200,root,local/logstash:latest,file write | source.ip=10.10.12.105 | destination.ip=172.16.5.179 | destination.port=9200 | event.outcome=unknown | user.name=root,,,,,,
"Mar 5, 2025 @ 13:00:34.420",authentication,failed_login,192.168.1.203,41294,10.10.12.35,9300,guest,local/nginx:latest,failed login | source.ip=192.168.1.203 | destination.ip=10.10.12.35 | destination.port=9300 | event.outcome=failure | user.name=guest,,,,,,
"Mar 5, 2025 @ 13:01:36.536",network,connection_accepted,192.0.2.178,22276,10.10.20.177,22,,local/logstash:latest,connection accepted | source.ip=192.0.2.178 | destination.ip=10.10.20.177 | destination.port=22 | event.outcome=success,,,,,,
"Mar 5, 2025 @ 13:01:48.340",process,process_ended,10.10.20.153,44194,10.10.20.45,3306,m.rahman,docker.elastic.co/elasticsearch/elasticsearch:8.12.0,process ended | source.ip=10.10.20.153 | destination.ip=10.10.20.45 | destination.port=3306 | event.outcome=unknown | user.name=m.rahman,,,,,,
"Mar 5, 2025 @ 13:08:05.599",authentication,ssh_login,198.51.100.3,43811,10.10.20.106,5044,root,local/logstash:latest,ssh login | source.ip=198.51.100.3 | destination.ip=10.10.20.106 | destination.port=5044 | event.outcome=success | user.name=root,,,,,,
"Mar 5, 2025 @ 13:11:19.475",authentication,failed_login,192.0.2.230,28675,10.10.12.153,22,admin,docker.elastic.co/kibana/kibana:8.12.0,failed login | source.ip=192.0.2.230 | destination.ip=10.10.12.153 | destination.port=22 | event.outcome=failure | user.name=admin,,,,,,
"Mar 5, 2025 @ 13:13:17.622",web,directory_traversal_pattern,198.51.100.14,30142,10.10.12.108,9300,,local/nginx:latest,directory traversal pattern | source.ip=198.51.100.14 | destination.ip=10.10.12.108 | destination.port=9300 | event.outcome=unknown | url.path=/api/status,,,,,,
"Mar 5, 2025 @ 13:15:46.150",process,process_ended,10.10.12.129,63719,172.16.5.166,5601,root,local/auth-service:latest,process ended | source.ip=10.10.12.129 | destination.ip=172.16.5.166 | destination.port=5601 | event.outcome=failure | user.name=root,,,,,,
"Mar 5, 2025 @ 13:24:36.668",network,connection_attempt,10.10.12.20,18404,10.10.20.131,80,,docker.elastic.co/kibana/kibana:8.12.0,connection attempt | source.ip=10.10.12.20 | destination.ip=10.10.20.131 | destination.port=80 | event.outcome=unknown,,,,,,
"Mar 5, 2025 @ 13:25:28.421",database,db_query,10.10.12.235,58842,10.10.20.108,80,admin,local/nginx:latest,db query | source.ip=10.10.12.235 | destination.ip=10.10.20.108 | destination.port=80 | event.outcome=success | user.name=admin,,,,,,
"Mar 5, 2025 @ 13:29:15.513",database,db_login,172.16.5.114,46157,10.10.12.121,5601,guest,local/postgres:latest,db login | source.ip=172.16.5.114 | destination.ip=10.10.12.121 | destination.port=5601 | event.outcome=success | user.name=guest,,,,,,
"Mar 5, 2025 @ 13:42:22.529",process,file_write,198.51.100.106,19473,172.16.5.171,5601,svc-backup,docker.elastic.co/elasticsearch/elasticsearch:8.12.0,file write | source.ip=198.51.100.106 | destination.ip=172.16.5.171 | destination.port=5601 | event.outcome=success | user.name=svc-backup,,,,,,
"Mar 5, 2025 @ 13:44:53.354",authentication,ssh_login,192.0.2.103,22556,10.10.12.220,3389,guest,local/auth-service:latest,ssh login | source.ip=192.0.2.103 | destination.ip=10.10.12.220 | destination.port=3389 | event.outcome=success | user.name=guest,,,,,,
"Mar 5, 2025 @ 13:49:08.854",authentication,user_login,172.16.5.148,29146,10.10.20.208,5432,admin,docker.elastic.co/elasticsearch/elasticsearch:8.12.0,user login | source.ip=172.16.5.148 | destination.ip=10.10.20.208 | destination.port=5432 | event.outcome=success | user.name=admin,,,,,,
"Mar 5, 2025 @ 13:53:52.894",network,connection_attempt,192.168.1.177,47711,10.10.12.127,5044,,local/logstash:latest,connection attempt | source.ip=192.168.1.177 | destination.ip=10.10.12.127 | destination.port=5044 | event.outcome=failure,,,,,,
"Mar 5, 2025 @ 09:00:14.233",network,xxxxxxxxxxxxx,10.10.12.45,45937,146.19.216.120,443,vpn-user01,xxxxxxxxxxxxx,xxxxxxxxxxxxx,xxxxxxxxxxxxx,xxxxxxxxxxxxx,xxxxxxxxxxxxx,xxxxxxxxxxxxx,xxxxxxxxxxxxx,xxxxxxxxxxxxx
"Mar 5, 2025 @ 09:07:11.764",network,xxxxxxxxxxxxx,10.10.20.88,63275,146.19.216.125,443,admin,xxxxxxxxxxxxx,xxxxxxxxxxxxx,xxxxxxxxxxxxx,xxxxxxxxxxxxx,xxxxxxxxxxxxx,xxxxxxxxxxxxx,xxxxxxxxxxxxx,xxxxxxxxxxxxx
"Mar 5, 2025 @ 09:14:56.775",network,xxxxxxxxxxxxx,172.16.5.43,45906,179.43.172.213,443,svc-vpn,xxxxxxxxxxxxx,xxxxxxxxxxxxx,xxxxxxxxxxxxx,xxxxxxxxxxxxx,xxxxxxxxxxxxx,xxxxxxxxxxxxx,xxxxxxxxxxxxx,xxxxxxxxxxxxx