event_id,timestamp_utc,host,user,process_name,event_type,ioc_type,ioc_value,detection_rule,source_ip,destination_ip
evt-urls-000001,2026-06-01T01:11:21+00:00,ENG-LAB-023,user082,outlook.exe,network_connection,URL,https://media.hyperfilevault2.mom,IOC-URL-634,10.0.41.108,198.51.100.106
evt-urls-000002,2026-06-01T03:04:21+00:00,ENG-LAB-030,user091,powershell.exe,network_connection,URL,https://hyperfilevault2.mom,IOC-URL-257,10.3.246.55,198.51.100.52
evt-urls-000003,2026-06-01T04:24:44+00:00,ENG-LAB-022,user016,reg.exe,network_connection,URL,https://www.hyperfilevault2.mom,IOC-URL-589,10.1.148.253,203.0.113.118
evt-urls-000004,2026-06-01T05:45:06+00:00,ENG-LAB-017,user029,python.exe,network_connection,URL,https://arch2.maxdatahost1.cyou,IOC-URL-671,10.2.63.185,198.51.100.99
evt-urls-000005,2026-06-01T06:31:26+00:00,ENG-LAB-007,user068,msedge.exe,network_connection,URL,https://hyperfilevault1.xyz,IOC-URL-459,10.3.108.238,198.51.100.118
evt-urls-000006,2026-06-01T06:42:15+00:00,ENG-LAB-003,user061,svchost.exe,network_connection,URL,https://auth.example.org/cdn/js/app.js?id=f5934282,IOC-URL-253,10.2.91.130,198.51.100.223
evt-urls-000007,2026-06-01T06:58:33+00:00,ENG-LAB-007,user004,reg.exe,network_connection,URL,http://api.telemetry.test/collect?utm=demo,IOC-URL-154,10.1.62.117,203.0.113.29
evt-urls-000008,2026-06-01T07:28:35+00:00,ENG-LAB-027,user012,winword.exe,network_connection,URL,https://auth.sample.invalid/images/logo.png?id=b4d807ae,IOC-URL-572,10.2.108.168,198.51.100.78
evt-urls-000009,2026-06-01T07:43:45+00:00,ENG-LAB-035,user017,outlook.exe,network_connection,URL,http://assets.telemetry.test/cdn/js/app.js?utm=lab,IOC-URL-155,10.3.176.187,203.0.113.150
evt-urls-000010,2026-06-01T08:13:10+00:00,ENG-LAB-051,user036,teams.exe,network_connection,URL,http://cdn.example.net/login,IOC-URL-505,10.1.3.19,203.0.113.5
evt-urls-000011,2026-06-01T09:34:54+00:00,ENG-LAB-017,user021,teams.exe,network_connection,URL,http://api.sample.invalid/cdn/js/app.js,IOC-URL-249,10.1.85.105,203.0.113.237
evt-urls-000012,2026-06-01T09:54:22+00:00,ENG-LAB-057,user034,svchost.exe,network_connection,URL,https://api.sample.invalid/api/v1/checkin?utm=test,IOC-URL-278,10.1.170.201,203.0.113.17
evt-urls-000013,2026-06-01T10:10:17+00:00,ENG-LAB-036,user076,msedge.exe,network_connection,URL,https://auth.sample.invalid/collect,IOC-URL-881,10.2.223.156,198.51.100.80
evt-urls-000014,2026-06-01T10:22:16+00:00,ENG-LAB-014,user020,python.exe,network_connection,URL,https://auth.sample.invalid/download/package.bin?q=8685,IOC-URL-640,10.1.135.30,203.0.113.57
evt-urls-000015,2026-06-01T10:23:27+00:00,ENG-LAB-037,user041,python.exe,network_connection,URL,http://www.sample.invalid/collect?q=9410,IOC-URL-374,10.3.99.184,203.0.113.214
evt-urls-000016,2026-06-01T10:35:47+00:00,ENG-LAB-035,user007,svchost.exe,network_connection,URL,https://files.example.net/portal/auth?q=5558,IOC-URL-765,10.1.35.12,198.51.100.146
evt-urls-000017,2026-06-01T13:36:11+00:00,ENG-LAB-030,user076,winword.exe,network_connection,URL,https://assets.telemetry.test/api/v1/checkin?id=4a7b308f,IOC-URL-192,10.0.169.19,203.0.113.166
evt-urls-000018,2026-06-01T15:32:07+00:00,ENG-LAB-049,user036,rundll32.exe,network_connection,URL,http://www.updates.example/cdn/js/app.js?q=3938,IOC-URL-713,10.1.249.57,203.0.113.186
evt-urls-000019,2026-06-01T15:42:18+00:00,ENG-LAB-017,user031,teams.exe,network_connection,URL,https://api.example.org/cdn/js/app.js?q=4102,IOC-URL-354,10.0.126.149,198.51.100.45
evt-urls-000020,2026-06-01T16:05:35+00:00,ENG-LAB-018,user029,powershell.exe,network_connection,URL,http://assets.example.net/news,IOC-URL-502,10.0.54.200,203.0.113.71
evt-urls-000021,2026-06-01T17:01:21+00:00,ENG-LAB-025,user081,python.exe,network_connection,URL,http://api.telemetry.test/login?utm=lab,IOC-URL-684,10.1.220.202,203.0.113.200
evt-urls-000022,2026-06-01T18:55:18+00:00,ENG-LAB-039,user003,python.exe,network_connection,URL,https://files.telemetry.test/cdn/js/app.js?q=8412,IOC-URL-409,10.2.125.58,203.0.113.154
evt-urls-000023,2026-06-01T20:01:35+00:00,ENG-LAB-017,user070,python.exe,network_connection,URL,https://assets.example.com/login?q=1511,IOC-URL-769,10.3.93.13,203.0.113.77
evt-urls-000024,2026-06-01T20:05:17+00:00,ENG-LAB-032,user091,teams.exe,network_connection,URL,https://www.telemetry.test/cdn/js/app.js?id=8947c26c,IOC-URL-107,10.0.185.225,198.51.100.250
evt-urls-000025,2026-06-01T20:19:19+00:00,ENG-LAB-032,user015,msedge.exe,network_connection,URL,https://assets.example.com/images/logo.png?q=5951,IOC-URL-650,10.2.219.230,203.0.113.199
evt-urls-000026,2026-06-01T20:24:24+00:00,ENG-LAB-057,user082,outlook.exe,network_connection,URL,https://cdn.updates.example/download/package.bin?id=c4bf9f5a,IOC-URL-738,10.3.49.92,198.51.100.51
evt-urls-000027,2026-06-01T22:13:08+00:00,ENG-LAB-007,user081,teams.exe,network_connection,URL,https://m.sample.invalid/download/package.bin?id=e0ede77d,IOC-URL-896,10.3.128.249,203.0.113.9
evt-urls-000028,2026-06-01T23:38:04+00:00,ENG-LAB-020,user086,chrome.exe,network_connection,URL,http://www.example.org/api/v1/checkin,IOC-URL-901,10.3.202.227,198.51.100.218
evt-urls-000029,2026-06-02T00:44:27+00:00,ENG-LAB-023,user090,msedge.exe,network_connection,URL,http://assets.example.net/login,IOC-URL-161,10.1.35.12,198.51.100.251
evt-urls-000030,2026-06-02T02:36:18+00:00,ENG-LAB-019,user068,msedge.exe,network_connection,URL,https://auth.example.org/login?q=6917,IOC-URL-298,10.0.42.165,198.51.100.68
evt-urls-000031,2026-06-02T04:03:16+00:00,ENG-LAB-056,user062,msedge.exe,network_connection,URL,https://assets.sample.invalid/api/v1/checkin?q=5658,IOC-URL-510,10.3.79.237,203.0.113.38
evt-urls-000032,2026-06-02T05:38:52+00:00,ENG-LAB-015,user059,svchost.exe,network_connection,URL,https://m.example.com/cdn/js/app.js?q=4389,IOC-URL-885,10.3.86.169,198.51.100.54
evt-urls-000033,2026-06-02T05:55:00+00:00,ENG-LAB-014,user039,winword.exe,network_connection,URL,https://auth.updates.example/images/logo.png,IOC-URL-882,10.1.142.172,203.0.113.149
evt-urls-000034,2026-06-02T06:23:29+00:00,ENG-LAB-009,user066,reg.exe,network_connection,URL,http://m.telemetry.test/images/logo.png?q=4365,IOC-URL-677,10.0.235.138,198.51.100.33
evt-urls-000035,2026-06-02T08:10:39+00:00,ENG-LAB-021,user024,chrome.exe,network_connection,URL,http://cdn.example.org/cdn/js/app.js?utm=lab,IOC-URL-405,10.2.234.81,203.0.113.51
evt-urls-000036,2026-06-02T08:42:33+00:00,ENG-LAB-013,user047,rundll32.exe,network_connection,URL,http://cdn.updates.example/images/logo.png?q=9728,IOC-URL-346,10.1.216.153,198.51.100.129
evt-urls-000037,2026-06-02T09:43:53+00:00,ENG-LAB-036,user065,winword.exe,network_connection,URL,https://m.example.org/api/v1/checkin?utm=demo,IOC-URL-649,10.1.216.153,203.0.113.85
evt-urls-000038,2026-06-02T09:55:42+00:00,ENG-LAB-008,user060,outlook.exe,network_connection,URL,http://m.example.net/portal/auth?utm=test,IOC-URL-515,10.1.243.116,198.51.100.4
evt-urls-000039,2026-06-02T10:18:07+00:00,ENG-LAB-054,user064,teams.exe,network_connection,URL,http://cdn.example.net/api/v1/checkin?q=4906,IOC-URL-116,10.1.158.58,198.51.100.10
evt-urls-000040,2026-06-02T10:35:16+00:00,ENG-LAB-042,user041,chrome.exe,network_connection,URL,https://m.updates.example/download/package.bin,IOC-URL-885,10.1.249.57,198.51.100.42
evt-urls-000041,2026-06-02T11:31:08+00:00,ENG-LAB-017,user073,winword.exe,network_connection,URL,http://www.example.net/images/logo.png?id=fe5bfb74,IOC-URL-846,10.3.181.109,203.0.113.99
evt-urls-000042,2026-06-02T12:35:05+00:00,ENG-LAB-025,user072,reg.exe,network_connection,URL,http://cdn.updates.example/download/package.bin?utm=demo,IOC-URL-433,10.3.181.109,198.51.100.13
evt-urls-000043,2026-06-02T12:57:48+00:00,ENG-LAB-028,user071,msedge.exe,network_connection,URL,https://files.updates.example/portal/auth?utm=lab,IOC-URL-582,10.2.219.230,203.0.113.63
evt-urls-000044,2026-06-02T13:39:32+00:00,ENG-LAB-042,user044,chrome.exe,network_connection,URL,https://assets.example.net/api/v1/checkin?utm=demo,IOC-URL-942,10.3.79.237,203.0.113.55
evt-urls-000045,2026-06-02T14:37:35+00:00,ENG-LAB-039,user049,msedge.exe,network_connection,URL,http://auth.updates.example/download/package.bin?utm=lab,IOC-URL-361,10.2.91.130,203.0.113.123
evt-urls-000046,2026-06-02T15:49:04+00:00,ENG-LAB-037,user094,outlook.exe,network_connection,URL,http://www.example.org/collect?q=2740,IOC-URL-119,10.1.211.7,203.0.113.77
evt-urls-000047,2026-06-02T17:21:40+00:00,ENG-LAB-030,user036,reg.exe,network_connection,URL,http://assets.updates.example/download/package.bin?utm=lab,IOC-URL-363,10.0.58.175,198.51.100.146
evt-urls-000048,2026-06-02T17:31:35+00:00,ENG-LAB-060,user023,rundll32.exe,network_connection,URL,https://assets.example.net/news?q=2523,IOC-URL-462,10.3.84.68,198.51.100.204
evt-urls-000049,2026-06-02T18:33:13+00:00,ENG-LAB-034,user013,msedge.exe,network_connection,URL,http://m.example.net/login,IOC-URL-644,10.3.67.172,203.0.113.98
evt-urls-000050,2026-06-02T19:24:44+00:00,ENG-LAB-050,user062,powershell.exe,network_connection,URL,https://cdn.example.com/cdn/js/app.js?id=a80b8f56,IOC-URL-966,10.0.155.74,203.0.113.241
evt-urls-000051,2026-06-02T19:42:38+00:00,ENG-LAB-003,user093,reg.exe,network_connection,URL,https://m.example.org/images/logo.png,IOC-URL-728,10.1.75.168,198.51.100.13
evt-urls-000052,2026-06-02T20:20:10+00:00,ENG-LAB-016,user023,python.exe,network_connection,URL,http://auth.telemetry.test/login?id=bc2650b1,IOC-URL-260,10.0.12.190,203.0.113.210
evt-urls-000053,2026-06-02T21:09:31+00:00,ENG-LAB-055,user056,svchost.exe,network_connection,URL,https://www.sample.invalid/collect,IOC-URL-978,10.1.125.42,198.51.100.205
evt-urls-000054,2026-06-02T21:50:20+00:00,ENG-LAB-039,user039,msedge.exe,network_connection,URL,http://assets.telemetry.test/download/package.bin?q=1691,IOC-URL-472,10.1.62.117,198.51.100.83
evt-urls-000055,2026-06-02T22:02:41+00:00,ENG-LAB-060,user050,outlook.exe,network_connection,URL,https://www.sample.invalid/login,IOC-URL-353,10.0.180.77,203.0.113.146
evt-urls-000056,2026-06-02T23:40:05+00:00,ENG-LAB-026,user023,outlook.exe,network_connection,URL,https://files.updates.example/cdn/js/app.js,IOC-URL-211,10.2.174.29,203.0.113.142
evt-urls-000057,2026-06-02T23:51:18+00:00,ENG-LAB-053,user085,teams.exe,network_connection,URL,http://cdn.example.com/login?id=118043c5,IOC-URL-304,10.1.125.42,203.0.113.14
evt-urls-000058,2026-06-03T00:04:40+00:00,ENG-LAB-053,user039,svchost.exe,network_connection,URL,http://files.example.org/download/package.bin?id=1939eea1,IOC-URL-104,10.2.223.156,203.0.113.121
evt-urls-000059,2026-06-03T00:51:41+00:00,ENG-LAB-037,user030,python.exe,network_connection,URL,http://files.updates.example/news?utm=test,IOC-URL-279,10.2.4.171,198.51.100.198
evt-urls-000060,2026-06-03T01:18:39+00:00,ENG-LAB-039,user065,reg.exe,network_connection,URL,http://files.sample.invalid/login?utm=lab,IOC-URL-694,10.3.176.187,198.51.100.235
evt-urls-000061,2026-06-03T01:33:01+00:00,ENG-LAB-031,user086,outlook.exe,network_connection,URL,https://assets.updates.example/collect?utm=lab,IOC-URL-820,10.3.218.144,198.51.100.186
evt-urls-000062,2026-06-03T01:48:45+00:00,ENG-LAB-016,user046,reg.exe,network_connection,URL,https://m.updates.example/cdn/js/app.js?id=8b349df0,IOC-URL-150,10.2.226.157,203.0.113.154
evt-urls-000063,2026-06-03T06:09:50+00:00,ENG-LAB-045,user015,python.exe,network_connection,URL,https://auth.telemetry.test/portal/auth?utm=test,IOC-URL-540,10.0.170.198,198.51.100.201
evt-urls-000064,2026-06-03T06:38:44+00:00,ENG-LAB-044,user027,svchost.exe,network_connection,URL,http://api.example.com/portal/auth?utm=test,IOC-URL-614,10.0.201.152,198.51.100.88
evt-urls-000065,2026-06-03T06:48:55+00:00,ENG-LAB-055,user057,msedge.exe,network_connection,URL,http://files.updates.example/download/package.bin?id=89dc9ee8,IOC-URL-567,10.0.216.9,198.51.100.116
evt-urls-000066,2026-06-03T07:33:47+00:00,ENG-LAB-060,user022,msedge.exe,network_connection,URL,http://api.updates.example/api/v1/checkin?q=3348,IOC-URL-303,10.3.146.109,203.0.113.103
evt-urls-000067,2026-06-03T07:38:52+00:00,ENG-LAB-036,user006,python.exe,network_connection,URL,https://assets.example.com/images/logo.png,IOC-URL-271,10.1.158.58,203.0.113.61
evt-urls-000068,2026-06-03T07:55:47+00:00,ENG-LAB-054,user084,winword.exe,network_connection,URL,http://m.telemetry.test/portal/auth?q=1681,IOC-URL-995,10.0.81.179,203.0.113.231
evt-urls-000069,2026-06-03T07:56:13+00:00,ENG-LAB-010,user065,winword.exe,network_connection,URL,https://www.example.org/cdn/js/app.js?q=8944,IOC-URL-914,10.0.197.231,198.51.100.61
evt-urls-000070,2026-06-03T08:12:25+00:00,ENG-LAB-053,user092,msedge.exe,network_connection,URL,https://auth.sample.invalid/images/logo.png?utm=lab,IOC-URL-669,10.3.253.103,203.0.113.37
evt-urls-000071,2026-06-03T08:46:13+00:00,ENG-LAB-034,user031,reg.exe,network_connection,URL,https://api.example.net/login?q=1023,IOC-URL-161,10.1.252.24,198.51.100.111
evt-urls-000072,2026-06-03T09:05:18+00:00,ENG-LAB-027,user011,msedge.exe,network_connection,URL,https://files.example.net/collect?id=4aec585c,IOC-URL-456,10.0.25.167,203.0.113.176
evt-urls-000073,2026-06-03T10:36:59+00:00,ENG-LAB-022,user037,rundll32.exe,network_connection,URL,https://www.sample.invalid/images/logo.png,IOC-URL-636,10.1.83.250,198.51.100.202
evt-urls-000074,2026-06-03T11:10:43+00:00,ENG-LAB-015,user061,chrome.exe,network_connection,URL,http://api.example.com/images/logo.png?q=5295,IOC-URL-674,10.3.30.43,198.51.100.215
evt-urls-000075,2026-06-03T11:44:36+00:00,ENG-LAB-044,user063,python.exe,network_connection,URL,http://assets.example.org/images/logo.png?utm=test,IOC-URL-685,10.2.75.111,203.0.113.244
evt-urls-000076,2026-06-03T12:55:38+00:00,ENG-LAB-012,user076,powershell.exe,network_connection,URL,https://m.example.net/cdn/js/app.js?utm=lab,IOC-URL-478,10.3.1.245,203.0.113.134
evt-urls-000077,2026-06-03T14:28:36+00:00,ENG-LAB-014,user060,outlook.exe,network_connection,URL,https://m.example.com/news?id=ef49ec4f,IOC-URL-271,10.1.220.202,198.51.100.57
evt-urls-000078,2026-06-03T14:54:25+00:00,ENG-LAB-002,user042,powershell.exe,network_connection,URL,http://www.sample.invalid/api/v1/checkin?q=8033,IOC-URL-571,10.2.126.216,198.51.100.217
evt-urls-000079,2026-06-03T15:15:00+00:00,ENG-LAB-020,user006,teams.exe,network_connection,URL,https://m.telemetry.test/download/package.bin?q=1598,IOC-URL-441,10.1.18.214,198.51.100.202
evt-urls-000080,2026-06-03T15:52:11+00:00,ENG-LAB-024,user089,powershell.exe,network_connection,URL,http://api.example.org/cdn/js/app.js?id=f38e448e,IOC-URL-497,10.2.53.241,198.51.100.52
evt-urls-000081,2026-06-03T17:56:59+00:00,ENG-LAB-055,user051,winword.exe,network_connection,URL,https://www.example.org/images/logo.png,IOC-URL-944,10.1.0.154,198.51.100.113
evt-urls-000082,2026-06-03T18:42:54+00:00,ENG-LAB-053,user059,msedge.exe,network_connection,URL,https://m.example.net/api/v1/checkin?utm=demo,IOC-URL-757,10.0.125.252,198.51.100.52
evt-urls-000083,2026-06-03T21:25:31+00:00,ENG-LAB-046,user059,powershell.exe,network_connection,URL,http://api.sample.invalid/collect?q=9020,IOC-URL-983,10.2.142.222,203.0.113.61
evt-urls-000084,2026-06-03T21:28:02+00:00,ENG-LAB-045,user073,chrome.exe,network_connection,URL,https://files.example.net/download/package.bin?utm=test,IOC-URL-239,10.0.161.103,198.51.100.183
evt-urls-000085,2026-06-03T22:20:05+00:00,ENG-LAB-058,user043,msedge.exe,network_connection,URL,https://api.telemetry.test/cdn/js/app.js,IOC-URL-572,10.3.49.92,203.0.113.87
evt-urls-000086,2026-06-03T22:24:06+00:00,ENG-LAB-025,user065,teams.exe,network_connection,URL,https://www.updates.example/login?id=1ba7064e,IOC-URL-271,10.2.185.148,198.51.100.168
evt-urls-000087,2026-06-03T23:58:00+00:00,ENG-LAB-023,user031,teams.exe,network_connection,URL,http://m.example.org/download/package.bin?id=e948da35,IOC-URL-116,10.3.1.245,203.0.113.136
evt-urls-000088,2026-06-04T01:04:21+00:00,ENG-LAB-058,user063,svchost.exe,network_connection,URL,https://auth.example.net/images/logo.png?utm=demo,IOC-URL-268,10.2.35.226,203.0.113.10
evt-urls-000089,2026-06-04T02:50:45+00:00,ENG-LAB-022,user061,python.exe,network_connection,URL,http://m.example.net/portal/auth?q=4261,IOC-URL-252,10.1.220.202,198.51.100.204
evt-urls-000090,2026-06-04T04:20:07+00:00,ENG-LAB-001,user008,winword.exe,network_connection,URL,http://m.example.org/login?id=ef1f1297,IOC-URL-302,10.1.135.34,203.0.113.191
evt-urls-000091,2026-06-04T04:37:11+00:00,ENG-LAB-021,user058,teams.exe,network_connection,URL,https://api.sample.invalid/collect?id=95958ad1,IOC-URL-986,10.3.80.15,198.51.100.234
evt-urls-000092,2026-06-04T04:56:06+00:00,ENG-LAB-004,user038,reg.exe,network_connection,URL,http://api.telemetry.test/api/v1/checkin?q=4960,IOC-URL-528,10.0.117.18,198.51.100.239
evt-urls-000093,2026-06-04T06:33:39+00:00,ENG-LAB-039,user088,reg.exe,network_connection,URL,http://files.example.net/collect?q=8955,IOC-URL-505,10.3.1.253,198.51.100.100
evt-urls-000094,2026-06-04T08:55:30+00:00,ENG-LAB-028,user003,msedge.exe,network_connection,URL,https://assets.example.org/collect?id=fc5842e1,IOC-URL-256,10.3.214.138,198.51.100.106
evt-urls-000095,2026-06-04T11:39:03+00:00,ENG-LAB-044,user094,reg.exe,network_connection,URL,http://www.example.net/login?id=879cb6ed,IOC-URL-870,10.3.194.174,198.51.100.41
evt-urls-000096,2026-06-04T12:08:12+00:00,ENG-LAB-022,user062,python.exe,network_connection,URL,http://m.example.com/news,IOC-URL-894,10.3.30.43,203.0.113.74
evt-urls-000097,2026-06-04T13:15:08+00:00,ENG-LAB-017,user047,teams.exe,network_connection,URL,https://cdn.example.net/login?id=b4e47178,IOC-URL-338,10.1.142.172,198.51.100.162
evt-urls-000098,2026-06-04T13:57:23+00:00,ENG-LAB-020,user093,svchost.exe,network_connection,URL,https://assets.updates.example/login?id=df68bdd5,IOC-URL-710,10.3.186.42,198.51.100.199
evt-urls-000099,2026-06-04T14:16:28+00:00,ENG-LAB-030,user001,reg.exe,network_connection,URL,http://m.example.net/login?q=2631,IOC-URL-805,10.1.126.191,198.51.100.198
evt-urls-000100,2026-06-04T15:52:46+00:00,ENG-LAB-005,user071,msedge.exe,network_connection,URL,https://auth.example.com/portal/auth,IOC-URL-708,10.3.109.131,198.51.100.204
evt-urls-000101,2026-06-04T16:27:20+00:00,ENG-LAB-060,user091,winword.exe,network_connection,URL,https://m.example.org/collect,IOC-URL-631,10.0.50.16,198.51.100.180
evt-urls-000102,2026-06-04T18:06:20+00:00,ENG-LAB-048,user063,powershell.exe,network_connection,URL,http://assets.example.net/collect?utm=test,IOC-URL-973,10.0.54.200,198.51.100.72
evt-urls-000103,2026-06-04T19:25:49+00:00,ENG-LAB-035,user069,chrome.exe,network_connection,URL,http://files.example.com/cdn/js/app.js?utm=demo,IOC-URL-315,10.1.62.117,198.51.100.69
evt-urls-000104,2026-06-04T21:48:57+00:00,ENG-LAB-049,user069,chrome.exe,network_connection,URL,https://api.telemetry.test/api/v1/checkin?id=cf1befd5,IOC-URL-319,10.3.127.69,198.51.100.182
evt-urls-000105,2026-06-04T22:24:10+00:00,ENG-LAB-014,user025,powershell.exe,network_connection,URL,http://m.updates.example/login?id=2808c5ab,IOC-URL-533,10.0.194.72,198.51.100.252
evt-urls-000106,2026-06-04T22:25:31+00:00,ENG-LAB-053,user089,teams.exe,network_connection,URL,http://www.telemetry.test/collect,IOC-URL-709,10.3.37.117,203.0.113.154
evt-urls-000107,2026-06-04T23:30:35+00:00,ENG-LAB-030,user091,teams.exe,network_connection,URL,http://www.telemetry.test/collect?q=1108,IOC-URL-304,10.1.78.96,198.51.100.173
evt-urls-000108,2026-06-05T01:06:32+00:00,ENG-LAB-035,user089,svchost.exe,network_connection,URL,https://cdn.example.org/cdn/js/app.js?id=bb066002,IOC-URL-879,10.2.29.13,198.51.100.34
evt-urls-000109,2026-06-05T01:10:28+00:00,ENG-LAB-005,user063,winword.exe,network_connection,URL,https://auth.example.com/collect,IOC-URL-502,10.2.91.130,198.51.100.77
evt-urls-000110,2026-06-05T03:19:39+00:00,ENG-LAB-043,user066,outlook.exe,network_connection,URL,http://m.sample.invalid/download/package.bin?id=129523db,IOC-URL-841,10.1.243.116,203.0.113.176
evt-urls-000111,2026-06-05T03:32:51+00:00,ENG-LAB-009,user009,rundll32.exe,network_connection,URL,https://www.example.net/portal/auth?q=3868,IOC-URL-400,10.2.122.15,203.0.113.23
evt-urls-000112,2026-06-05T03:37:08+00:00,ENG-LAB-019,user015,rundll32.exe,network_connection,URL,https://api.telemetry.test/cdn/js/app.js?utm=test,IOC-URL-563,10.0.49.169,198.51.100.105
evt-urls-000113,2026-06-05T04:54:08+00:00,ENG-LAB-031,user042,winword.exe,network_connection,URL,https://cdn.telemetry.test/collect?utm=test,IOC-URL-367,10.3.67.172,203.0.113.121
evt-urls-000114,2026-06-05T05:36:31+00:00,ENG-LAB-034,user050,python.exe,network_connection,URL,https://api.example.net/collect?id=8af433e1,IOC-URL-368,10.3.93.13,203.0.113.134
evt-urls-000115,2026-06-05T08:11:01+00:00,ENG-LAB-029,user041,reg.exe,network_connection,URL,http://cdn.telemetry.test/collect,IOC-URL-522,10.2.126.216,203.0.113.105
evt-urls-000116,2026-06-05T08:12:07+00:00,ENG-LAB-053,user003,winword.exe,network_connection,URL,http://auth.telemetry.test/portal/auth?utm=demo,IOC-URL-314,10.2.107.175,198.51.100.79
evt-urls-000117,2026-06-05T08:22:18+00:00,ENG-LAB-023,user100,chrome.exe,network_connection,URL,https://www.example.net/cdn/js/app.js?q=7524,IOC-URL-379,10.3.202.227,198.51.100.156
evt-urls-000118,2026-06-05T09:09:52+00:00,ENG-LAB-050,user047,rundll32.exe,network_connection,URL,http://assets.updates.example/download/package.bin?id=c104a0ce,IOC-URL-250,10.1.196.178,203.0.113.218
evt-urls-000119,2026-06-05T09:23:28+00:00,ENG-LAB-001,user029,chrome.exe,network_connection,URL,http://m.telemetry.test/portal/auth,IOC-URL-796,10.0.70.39,203.0.113.184
evt-urls-000120,2026-06-05T11:44:11+00:00,ENG-LAB-039,user020,msedge.exe,network_connection,URL,https://api.telemetry.test/news?id=b7207038,IOC-URL-891,10.2.47.210,203.0.113.253
evt-urls-000121,2026-06-05T13:07:37+00:00,ENG-LAB-035,user024,python.exe,network_connection,URL,http://api.example.org/portal/auth?q=5592,IOC-URL-844,10.0.57.20,198.51.100.229
evt-urls-000122,2026-06-05T13:36:50+00:00,ENG-LAB-045,user080,outlook.exe,network_connection,URL,https://assets.updates.example/login,IOC-URL-576,10.1.75.168,198.51.100.230
evt-urls-000123,2026-06-05T13:37:53+00:00,ENG-LAB-004,user032,chrome.exe,network_connection,URL,https://www.example.net/collect,IOC-URL-151,10.0.95.18,198.51.100.107
evt-urls-000124,2026-06-05T16:15:12+00:00,ENG-LAB-027,user090,python.exe,network_connection,URL,http://assets.example.com/collect?q=3703,IOC-URL-371,10.3.112.46,203.0.113.145
evt-urls-000125,2026-06-05T16:23:15+00:00,ENG-LAB-054,user091,teams.exe,network_connection,URL,https://m.sample.invalid/login?id=25ab45af,IOC-URL-186,10.0.142.90,198.51.100.57
evt-urls-000126,2026-06-05T16:55:14+00:00,ENG-LAB-013,user032,teams.exe,network_connection,URL,http://cdn.updates.example/news?id=ebee64e3,IOC-URL-259,10.2.194.84,203.0.113.55
evt-urls-000127,2026-06-05T17:25:44+00:00,ENG-LAB-060,user062,svchost.exe,network_connection,URL,https://m.example.net/news?utm=test,IOC-URL-102,10.0.216.9,198.51.100.90
evt-urls-000128,2026-06-05T17:39:17+00:00,ENG-LAB-004,user025,msedge.exe,network_connection,URL,https://www.telemetry.test/api/v1/checkin?id=315e7a6b,IOC-URL-801,10.1.21.79,198.51.100.1
evt-urls-000129,2026-06-05T18:36:08+00:00,ENG-LAB-006,user055,msedge.exe,network_connection,URL,http://www.updates.example/api/v1/checkin?id=1548af06,IOC-URL-119,10.3.93.13,203.0.113.248
evt-urls-000130,2026-06-05T19:41:31+00:00,ENG-LAB-018,user042,outlook.exe,network_connection,URL,https://assets.sample.invalid/portal/auth?q=9756,IOC-URL-660,10.0.169.160,203.0.113.67
evt-urls-000131,2026-06-05T20:27:48+00:00,ENG-LAB-003,user076,powershell.exe,network_connection,URL,http://m.updates.example/collect?id=6f721b71,IOC-URL-164,10.2.108.168,203.0.113.141
evt-urls-000132,2026-06-05T20:55:17+00:00,ENG-LAB-029,user053,outlook.exe,network_connection,URL,http://auth.telemetry.test/collect?q=4865,IOC-URL-157,10.3.79.237,198.51.100.20
evt-urls-000133,2026-06-05T21:15:58+00:00,ENG-LAB-012,user036,outlook.exe,network_connection,URL,http://m.updates.example/collect?q=1483,IOC-URL-252,10.0.81.179,198.51.100.61
evt-urls-000134,2026-06-05T21:40:52+00:00,ENG-LAB-017,user061,msedge.exe,network_connection,URL,http://m.sample.invalid/cdn/js/app.js?q=1781,IOC-URL-862,10.3.135.238,203.0.113.134
evt-urls-000135,2026-06-05T22:24:38+00:00,ENG-LAB-041,user016,msedge.exe,network_connection,URL,http://auth.example.org/login,IOC-URL-976,10.0.155.74,203.0.113.67
evt-urls-000136,2026-06-05T22:38:05+00:00,ENG-LAB-058,user013,powershell.exe,network_connection,URL,https://files.example.net/news?q=3480,IOC-URL-703,10.1.215.100,203.0.113.197
evt-urls-000137,2026-06-06T00:07:11+00:00,ENG-LAB-034,user009,python.exe,network_connection,URL,https://m.updates.example/cdn/js/app.js,IOC-URL-525,10.2.91.149,198.51.100.21
evt-urls-000138,2026-06-06T00:20:28+00:00,ENG-LAB-023,user012,svchost.exe,network_connection,URL,https://assets.sample.invalid/login?utm=lab,IOC-URL-722,10.3.37.117,203.0.113.100
evt-urls-000139,2026-06-06T01:37:53+00:00,ENG-LAB-001,user097,chrome.exe,network_connection,URL,https://assets.example.net/api/v1/checkin?q=9802,IOC-URL-574,10.1.237.171,198.51.100.115
evt-urls-000140,2026-06-06T02:37:01+00:00,ENG-LAB-051,user001,powershell.exe,network_connection,URL,http://auth.telemetry.test/images/logo.png?utm=lab,IOC-URL-407,10.0.125.252,198.51.100.174
evt-urls-000141,2026-06-06T04:02:51+00:00,ENG-LAB-006,user057,outlook.exe,network_connection,URL,https://api.telemetry.test/images/logo.png?utm=demo,IOC-URL-522,10.3.109.139,203.0.113.80
evt-urls-000142,2026-06-06T04:14:47+00:00,ENG-LAB-006,user056,msedge.exe,network_connection,URL,http://m.telemetry.test/login?id=15ffb224,IOC-URL-554,10.2.174.29,198.51.100.102
evt-urls-000143,2026-06-06T05:40:32+00:00,ENG-LAB-036,user086,svchost.exe,network_connection,URL,http://www.example.com/images/logo.png?id=78fd85ba,IOC-URL-506,10.3.214.138,203.0.113.22
evt-urls-000144,2026-06-06T06:03:40+00:00,ENG-LAB-009,user004,msedge.exe,network_connection,URL,http://files.telemetry.test/cdn/js/app.js,IOC-URL-950,10.1.35.12,198.51.100.2
evt-urls-000145,2026-06-06T06:33:04+00:00,ENG-LAB-017,user048,winword.exe,network_connection,URL,https://api.telemetry.test/download/package.bin?utm=demo,IOC-URL-784,10.1.40.22,198.51.100.12
evt-urls-000146,2026-06-06T07:58:34+00:00,ENG-LAB-014,user097,chrome.exe,network_connection,URL,https://www.example.com/login?id=96c115ac,IOC-URL-615,10.0.127.50,203.0.113.120
evt-urls-000147,2026-06-06T08:08:42+00:00,ENG-LAB-017,user096,msedge.exe,network_connection,URL,http://assets.telemetry.test/images/logo.png?id=7c5b3cc1,IOC-URL-270,10.0.37.138,203.0.113.53
evt-urls-000148,2026-06-06T09:43:28+00:00,ENG-LAB-040,user037,rundll32.exe,network_connection,URL,https://cdn.example.org/download/package.bin,IOC-URL-646,10.0.117.151,203.0.113.159
evt-urls-000149,2026-06-06T09:47:23+00:00,ENG-LAB-029,user039,winword.exe,network_connection,URL,https://api.example.com/cdn/js/app.js,IOC-URL-409,10.3.1.245,203.0.113.58
evt-urls-000150,2026-06-06T10:19:03+00:00,ENG-LAB-016,user012,reg.exe,network_connection,URL,https://m.example.org/portal/auth?utm=test,IOC-URL-564,10.2.238.114,198.51.100.58
evt-urls-000151,2026-06-06T11:48:46+00:00,ENG-LAB-027,user063,python.exe,network_connection,URL,http://m.example.net/portal/auth,IOC-URL-807,10.1.21.79,198.51.100.77
evt-urls-000152,2026-06-06T12:32:44+00:00,ENG-LAB-042,user017,chrome.exe,network_connection,URL,https://www.updates.example/download/package.bin?q=1312,IOC-URL-747,10.3.49.92,198.51.100.210
evt-urls-000153,2026-06-06T12:37:16+00:00,ENG-LAB-014,user043,msedge.exe,network_connection,URL,https://m.sample.invalid/login?q=7761,IOC-URL-967,10.0.126.149,203.0.113.48
evt-urls-000154,2026-06-06T13:04:02+00:00,ENG-LAB-009,user074,teams.exe,network_connection,URL,https://files.updates.example/images/logo.png?id=32c2b07a,IOC-URL-237,10.1.158.58,198.51.100.9
evt-urls-000155,2026-06-06T13:06:29+00:00,ENG-LAB-036,user019,reg.exe,network_connection,URL,https://files.updates.example/cdn/js/app.js?q=5479,IOC-URL-713,10.1.55.98,198.51.100.129
evt-urls-000156,2026-06-06T13:55:30+00:00,ENG-LAB-041,user095,msedge.exe,network_connection,URL,https://cdn.updates.example/cdn/js/app.js,IOC-URL-917,10.2.63.185,203.0.113.160
evt-urls-000157,2026-06-06T14:11:33+00:00,ENG-LAB-035,user051,chrome.exe,network_connection,URL,http://files.telemetry.test/login?q=2791,IOC-URL-496,10.1.235.90,198.51.100.138
evt-urls-000158,2026-06-06T14:46:27+00:00,ENG-LAB-026,user100,chrome.exe,network_connection,URL,https://m.example.org/api/v1/checkin?q=8197,IOC-URL-852,10.2.122.68,198.51.100.115
evt-urls-000159,2026-06-06T15:11:48+00:00,ENG-LAB-054,user087,reg.exe,network_connection,URL,http://www.example.net/download/package.bin?id=9c1f4003,IOC-URL-245,10.0.169.160,198.51.100.70
evt-urls-000160,2026-06-06T16:16:44+00:00,ENG-LAB-005,user045,outlook.exe,network_connection,URL,https://cdn.example.net/portal/auth?utm=lab,IOC-URL-837,10.0.12.190,203.0.113.25
evt-urls-000161,2026-06-06T17:50:38+00:00,ENG-LAB-052,user040,outlook.exe,network_connection,URL,https://m.updates.example/login?id=e14fc13b,IOC-URL-485,10.0.31.192,203.0.113.236
evt-urls-000162,2026-06-06T18:01:30+00:00,ENG-LAB-045,user020,winword.exe,network_connection,URL,https://assets.example.com/login?q=2897,IOC-URL-408,10.2.53.241,198.51.100.85
evt-urls-000163,2026-06-06T18:35:19+00:00,ENG-LAB-037,user045,reg.exe,network_connection,URL,http://m.example.org/collect?id=7400ace8,IOC-URL-975,10.0.54.200,203.0.113.61
evt-urls-000164,2026-06-06T19:12:23+00:00,ENG-LAB-010,user088,rundll32.exe,network_connection,URL,https://files.example.net/images/logo.png,IOC-URL-193,10.3.186.42,203.0.113.48
evt-urls-000165,2026-06-06T19:26:42+00:00,ENG-LAB-001,user060,outlook.exe,network_connection,URL,http://api.updates.example/news?id=99b89882,IOC-URL-261,10.1.148.253,203.0.113.227
evt-urls-000166,2026-06-06T19:45:41+00:00,ENG-LAB-015,user059,outlook.exe,network_connection,URL,https://www.telemetry.test/images/logo.png,IOC-URL-575,10.3.49.92,203.0.113.52
evt-urls-000167,2026-06-06T22:04:09+00:00,ENG-LAB-006,user048,powershell.exe,network_connection,URL,https://files.example.org/cdn/js/app.js,IOC-URL-220,10.0.216.9,198.51.100.114
evt-urls-000168,2026-06-06T22:42:54+00:00,ENG-LAB-035,user055,teams.exe,network_connection,URL,https://assets.example.net/collect?id=12d52671,IOC-URL-726,10.3.181.109,198.51.100.254
evt-urls-000169,2026-06-07T01:33:34+00:00,ENG-LAB-053,user095,chrome.exe,network_connection,URL,http://www.sample.invalid/portal/auth?id=dd592877,IOC-URL-689,10.2.234.81,203.0.113.182
evt-urls-000170,2026-06-07T02:40:36+00:00,ENG-LAB-004,user020,msedge.exe,network_connection,URL,http://auth.example.org/images/logo.png?q=5313,IOC-URL-784,10.2.111.248,198.51.100.160
evt-urls-000171,2026-06-07T02:51:19+00:00,ENG-LAB-018,user064,powershell.exe,network_connection,URL,https://assets.telemetry.test/news?id=5b917205,IOC-URL-271,10.2.104.176,203.0.113.142
evt-urls-000172,2026-06-07T03:00:08+00:00,ENG-LAB-046,user057,chrome.exe,network_connection,URL,http://cdn.example.net/login,IOC-URL-192,10.1.216.153,203.0.113.8
evt-urls-000173,2026-06-07T04:08:52+00:00,ENG-LAB-005,user074,svchost.exe,network_connection,URL,https://api.updates.example/collect?id=5ecbf98c,IOC-URL-614,10.1.237.171,198.51.100.208
evt-urls-000174,2026-06-07T04:58:28+00:00,ENG-LAB-058,user066,powershell.exe,network_connection,URL,http://m.example.net/api/v1/checkin,IOC-URL-193,10.3.108.238,198.51.100.165
evt-urls-000175,2026-06-07T05:15:38+00:00,ENG-LAB-017,user088,reg.exe,network_connection,URL,https://m.sample.invalid/cdn/js/app.js,IOC-URL-962,10.1.158.58,203.0.113.109
evt-urls-000176,2026-06-07T07:05:34+00:00,ENG-LAB-021,user099,rundll32.exe,network_connection,URL,https://www.telemetry.test/cdn/js/app.js?id=a190c622,IOC-URL-379,10.1.216.153,203.0.113.81
evt-urls-000177,2026-06-07T07:29:37+00:00,ENG-LAB-023,user046,powershell.exe,network_connection,URL,https://api.example.org/download/package.bin,IOC-URL-899,10.1.215.100,198.51.100.60
evt-urls-000178,2026-06-07T07:54:03+00:00,ENG-LAB-033,user029,python.exe,network_connection,URL,https://api.sample.invalid/images/logo.png?q=2226,IOC-URL-512,10.1.32.87,203.0.113.41
evt-urls-000179,2026-06-07T07:54:11+00:00,ENG-LAB-038,user056,rundll32.exe,network_connection,URL,https://m.updates.example/cdn/js/app.js?id=5eec4923,IOC-URL-581,10.0.31.192,203.0.113.210
evt-urls-000180,2026-06-07T08:00:48+00:00,ENG-LAB-046,user009,teams.exe,network_connection,URL,http://www.updates.example/news?q=8037,IOC-URL-918,10.3.169.241,203.0.113.96
evt-urls-000181,2026-06-07T09:15:54+00:00,ENG-LAB-053,user018,python.exe,network_connection,URL,http://files.sample.invalid/portal/auth,IOC-URL-369,10.0.194.123,198.51.100.200
evt-urls-000182,2026-06-07T11:09:11+00:00,ENG-LAB-054,user022,python.exe,network_connection,URL,http://files.sample.invalid/api/v1/checkin,IOC-URL-676,10.3.112.46,198.51.100.46
evt-urls-000183,2026-06-07T11:20:20+00:00,ENG-LAB-004,user004,teams.exe,network_connection,URL,https://api.example.com/collect?q=9105,IOC-URL-231,10.0.120.104,203.0.113.179
evt-urls-000184,2026-06-07T12:45:41+00:00,ENG-LAB-011,user033,teams.exe,network_connection,URL,http://m.sample.invalid/collect?id=5fc9f955,IOC-URL-515,10.0.117.151,203.0.113.59
evt-urls-000185,2026-06-07T13:21:49+00:00,ENG-LAB-055,user007,powershell.exe,network_connection,URL,http://auth.telemetry.test/download/package.bin?utm=test,IOC-URL-391,10.1.134.42,198.51.100.236
evt-urls-000186,2026-06-07T14:17:48+00:00,ENG-LAB-037,user086,powershell.exe,network_connection,URL,http://auth.example.org/login?utm=demo,IOC-URL-846,10.0.47.163,203.0.113.174
evt-urls-000187,2026-06-07T15:20:51+00:00,ENG-LAB-048,user080,chrome.exe,network_connection,URL,http://assets.telemetry.test/cdn/js/app.js?id=55723f70,IOC-URL-596,10.3.186.42,203.0.113.65
evt-urls-000188,2026-06-07T16:39:28+00:00,ENG-LAB-012,user088,msedge.exe,network_connection,URL,http://cdn.telemetry.test/images/logo.png?id=5240fbfd,IOC-URL-277,10.0.180.77,198.51.100.10
evt-urls-000189,2026-06-07T17:11:13+00:00,ENG-LAB-049,user070,chrome.exe,network_connection,URL,https://auth.example.org/cdn/js/app.js?id=a1b3dece,IOC-URL-933,10.0.170.198,203.0.113.53
evt-urls-000190,2026-06-07T18:25:13+00:00,ENG-LAB-056,user021,rundll32.exe,network_connection,URL,http://files.example.com/collect,IOC-URL-931,10.0.42.165,198.51.100.76
evt-urls-000191,2026-06-07T18:56:26+00:00,ENG-LAB-004,user020,powershell.exe,network_connection,URL,https://files.example.com/api/v1/checkin,IOC-URL-450,10.1.189.73,198.51.100.252
evt-urls-000192,2026-06-07T19:01:14+00:00,ENG-LAB-020,user099,outlook.exe,network_connection,URL,http://assets.updates.example/cdn/js/app.js?id=692e2c35,IOC-URL-806,10.2.171.82,203.0.113.251
evt-urls-000193,2026-06-07T19:03:53+00:00,ENG-LAB-038,user075,rundll32.exe,network_connection,URL,https://m.example.com/cdn/js/app.js?utm=test,IOC-URL-557,10.3.169.241,203.0.113.248
evt-urls-000194,2026-06-07T19:46:24+00:00,ENG-LAB-012,user097,python.exe,network_connection,URL,http://api.sample.invalid/login?utm=test,IOC-URL-346,10.1.159.103,203.0.113.154
evt-urls-000195,2026-06-07T20:03:53+00:00,ENG-LAB-016,user067,reg.exe,network_connection,URL,https://auth.sample.invalid/collect?utm=lab,IOC-URL-682,10.3.49.92,198.51.100.29
evt-urls-000196,2026-06-07T20:25:17+00:00,ENG-LAB-044,user090,svchost.exe,network_connection,URL,https://m.example.com/download/package.bin?utm=demo,IOC-URL-647,10.2.63.185,203.0.113.181
evt-urls-000197,2026-06-07T20:41:07+00:00,ENG-LAB-059,user004,reg.exe,network_connection,URL,https://assets.example.net/portal/auth?q=7109,IOC-URL-886,10.0.56.40,198.51.100.232
evt-urls-000198,2026-06-07T21:12:25+00:00,ENG-LAB-043,user048,powershell.exe,network_connection,URL,https://auth.example.org/images/logo.png,IOC-URL-142,10.2.63.185,203.0.113.92
evt-urls-000199,2026-06-08T00:21:28+00:00,ENG-LAB-024,user098,outlook.exe,network_connection,URL,http://cdn.sample.invalid/download/package.bin?utm=demo,IOC-URL-235,10.2.181.54,203.0.113.96
evt-urls-000200,2026-06-08T00:30:31+00:00,ENG-LAB-002,user012,reg.exe,network_connection,URL,https://m.example.net/portal/auth?q=3610,IOC-URL-568,10.0.117.151,203.0.113.111
evt-urls-000201,2026-06-08T01:27:47+00:00,ENG-LAB-022,user029,svchost.exe,network_connection,URL,http://www.sample.invalid/api/v1/checkin?q=8138,IOC-URL-178,10.1.55.98,198.51.100.71
evt-urls-000202,2026-06-08T01:40:20+00:00,ENG-LAB-006,user071,rundll32.exe,network_connection,URL,https://cdn.example.org/login?q=2129,IOC-URL-477,10.2.122.15,203.0.113.150
evt-urls-000203,2026-06-08T01:49:17+00:00,ENG-LAB-054,user063,msedge.exe,network_connection,URL,https://www.updates.example/images/logo.png,IOC-URL-237,10.3.93.72,198.51.100.245
evt-urls-000204,2026-06-08T04:15:31+00:00,ENG-LAB-058,user074,outlook.exe,network_connection,URL,https://www.updates.example/images/logo.png,IOC-URL-287,10.0.201.152,198.51.100.215
evt-urls-000205,2026-06-08T04:19:07+00:00,ENG-LAB-048,user069,powershell.exe,network_connection,URL,http://auth.updates.example/images/logo.png?utm=test,IOC-URL-321,10.3.214.138,203.0.113.248
evt-urls-000206,2026-06-08T04:55:36+00:00,ENG-LAB-009,user057,outlook.exe,network_connection,URL,https://api.example.org/cdn/js/app.js?id=c1c8c488,IOC-URL-288,10.1.40.22,198.51.100.34
evt-urls-000207,2026-06-08T06:10:04+00:00,ENG-LAB-020,user006,msedge.exe,network_connection,URL,http://m.example.org/images/logo.png,IOC-URL-969,10.3.79.49,198.51.100.78
evt-urls-000208,2026-06-08T06:26:28+00:00,ENG-LAB-031,user095,powershell.exe,network_connection,URL,http://api.example.com/api/v1/checkin?id=2c5135a0,IOC-URL-277,10.1.243.116,198.51.100.50
evt-urls-000209,2026-06-08T07:38:24+00:00,ENG-LAB-018,user024,chrome.exe,network_connection,URL,http://m.updates.example/portal/auth?q=9921,IOC-URL-711,10.3.108.238,203.0.113.16
evt-urls-000210,2026-06-08T07:46:32+00:00,ENG-LAB-057,user050,reg.exe,network_connection,URL,http://api.example.org/download/package.bin,IOC-URL-809,10.0.201.152,203.0.113.128
evt-urls-000211,2026-06-08T09:18:54+00:00,ENG-LAB-024,user053,reg.exe,network_connection,URL,http://api.example.net/download/package.bin?utm=demo,IOC-URL-723,10.0.117.151,198.51.100.35
evt-urls-000212,2026-06-08T09:36:55+00:00,ENG-LAB-031,user060,python.exe,network_connection,URL,http://assets.example.org/download/package.bin,IOC-URL-661,10.0.47.163,203.0.113.70
evt-urls-000213,2026-06-08T09:41:35+00:00,ENG-LAB-007,user057,powershell.exe,network_connection,URL,http://api.updates.example/news?q=2276,IOC-URL-515,10.1.35.12,198.51.100.53
evt-urls-000214,2026-06-08T11:11:31+00:00,ENG-LAB-008,user050,outlook.exe,network_connection,URL,http://www.telemetry.test/download/package.bin?utm=test,IOC-URL-714,10.0.180.77,203.0.113.160
evt-urls-000215,2026-06-08T11:29:01+00:00,ENG-LAB-019,user088,msedge.exe,network_connection,URL,https://api.example.com/download/package.bin?id=ef60575e,IOC-URL-482,10.2.65.50,198.51.100.222
evt-urls-000216,2026-06-08T12:21:05+00:00,ENG-LAB-054,user097,powershell.exe,network_connection,URL,http://cdn.example.net/collect?utm=test,IOC-URL-372,10.3.93.13,203.0.113.201
evt-urls-000217,2026-06-08T13:42:45+00:00,ENG-LAB-028,user013,powershell.exe,network_connection,URL,http://m.example.com/cdn/js/app.js?q=9055,IOC-URL-618,10.2.185.148,203.0.113.181
evt-urls-000218,2026-06-08T14:01:21+00:00,ENG-LAB-026,user093,teams.exe,network_connection,URL,http://auth.example.com/cdn/js/app.js?utm=test,IOC-URL-129,10.3.1.245,203.0.113.100
evt-urls-000219,2026-06-08T14:10:31+00:00,ENG-LAB-026,user096,powershell.exe,network_connection,URL,https://cdn.example.org/images/logo.png,IOC-URL-455,10.1.243.116,203.0.113.181
evt-urls-000220,2026-06-08T15:20:47+00:00,ENG-LAB-060,user008,python.exe,network_connection,URL,https://auth.sample.invalid/cdn/js/app.js?id=ffe582a4,IOC-URL-152,10.0.161.103,203.0.113.197
evt-urls-000221,2026-06-08T17:35:22+00:00,ENG-LAB-001,user024,powershell.exe,network_connection,URL,https://api.updates.example/cdn/js/app.js?utm=lab,IOC-URL-773,10.1.135.34,203.0.113.36
evt-urls-000222,2026-06-08T17:51:50+00:00,ENG-LAB-023,user099,chrome.exe,network_connection,URL,https://auth.sample.invalid/api/v1/checkin,IOC-URL-373,10.1.216.153,198.51.100.183
evt-urls-000223,2026-06-08T19:33:45+00:00,ENG-LAB-006,user065,powershell.exe,network_connection,URL,https://files.telemetry.test/news?id=1079ec11,IOC-URL-353,10.0.70.39,203.0.113.225
evt-urls-000224,2026-06-08T20:09:38+00:00,ENG-LAB-042,user004,outlook.exe,network_connection,URL,http://auth.updates.example/api/v1/checkin?q=7776,IOC-URL-458,10.3.109.131,198.51.100.167
evt-urls-000225,2026-06-08T20:22:22+00:00,ENG-LAB-020,user058,python.exe,network_connection,URL,https://assets.example.net/collect?utm=lab,IOC-URL-320,10.1.215.100,198.51.100.201
evt-urls-000226,2026-06-08T20:29:49+00:00,ENG-LAB-052,user019,outlook.exe,network_connection,URL,http://files.example.net/cdn/js/app.js?q=2996,IOC-URL-394,10.1.196.178,203.0.113.41
evt-urls-000227,2026-06-08T21:20:33+00:00,ENG-LAB-034,user093,outlook.exe,network_connection,URL,https://auth.updates.example/download/package.bin?id=85afa5d4,IOC-URL-480,10.3.73.68,198.51.100.130
evt-urls-000228,2026-06-08T23:29:55+00:00,ENG-LAB-046,user079,reg.exe,network_connection,URL,http://auth.example.com/images/logo.png?id=25043c0d,IOC-URL-730,10.3.185.57,198.51.100.148
evt-urls-000229,2026-06-08T23:50:03+00:00,ENG-LAB-043,user032,winword.exe,network_connection,URL,https://m.updates.example/portal/auth?q=2594,IOC-URL-763,10.0.25.167,198.51.100.50
evt-urls-000230,2026-06-09T00:44:51+00:00,ENG-LAB-019,user038,powershell.exe,network_connection,URL,https://auth.telemetry.test/login?q=8438,IOC-URL-811,10.3.194.174,198.51.100.130
evt-urls-000231,2026-06-09T04:01:21+00:00,ENG-LAB-044,user039,reg.exe,network_connection,URL,https://api.example.org/login,IOC-URL-747,10.3.99.184,203.0.113.47
evt-urls-000232,2026-06-09T04:11:07+00:00,ENG-LAB-056,user037,chrome.exe,network_connection,URL,http://m.example.org/cdn/js/app.js,IOC-URL-542,10.0.146.61,198.51.100.49
evt-urls-000233,2026-06-09T05:34:39+00:00,ENG-LAB-049,user064,rundll32.exe,network_connection,URL,http://www.sample.invalid/login?q=9889,IOC-URL-308,10.3.208.49,198.51.100.28
evt-urls-000234,2026-06-09T05:36:01+00:00,ENG-LAB-024,user040,powershell.exe,network_connection,URL,http://assets.example.net/download/package.bin,IOC-URL-449,10.0.42.165,203.0.113.249
evt-urls-000235,2026-06-09T05:49:38+00:00,ENG-LAB-046,user016,winword.exe,network_connection,URL,https://files.example.org/news?utm=lab,IOC-URL-930,10.3.1.253,198.51.100.115
evt-urls-000236,2026-06-09T06:00:08+00:00,ENG-LAB-053,user057,teams.exe,network_connection,URL,https://files.sample.invalid/api/v1/checkin,IOC-URL-881,10.3.79.49,203.0.113.89
evt-urls-000237,2026-06-09T07:48:33+00:00,ENG-LAB-033,user035,powershell.exe,network_connection,URL,https://auth.example.net/collect?id=b60520d2,IOC-URL-944,10.2.107.175,198.51.100.242
evt-urls-000238,2026-06-09T08:24:02+00:00,ENG-LAB-003,user073,rundll32.exe,network_connection,URL,http://m.updates.example/news?utm=demo,IOC-URL-215,10.2.63.185,203.0.113.247
evt-urls-000239,2026-06-09T12:45:14+00:00,ENG-LAB-002,user041,msedge.exe,network_connection,URL,http://auth.example.com/collect?utm=lab,IOC-URL-910,10.0.56.40,203.0.113.71
evt-urls-000240,2026-06-09T12:58:25+00:00,ENG-LAB-046,user026,msedge.exe,network_connection,URL,https://m.example.org/cdn/js/app.js?utm=lab,IOC-URL-807,10.2.47.210,203.0.113.125
evt-urls-000241,2026-06-09T12:59:06+00:00,ENG-LAB-054,user062,teams.exe,network_connection,URL,http://files.updates.example/collect?q=7783,IOC-URL-266,10.0.170.198,203.0.113.38
evt-urls-000242,2026-06-09T13:31:28+00:00,ENG-LAB-030,user005,chrome.exe,network_connection,URL,http://api.example.net/login,IOC-URL-670,10.0.54.200,198.51.100.187
evt-urls-000243,2026-06-09T15:26:36+00:00,ENG-LAB-054,user032,rundll32.exe,network_connection,URL,https://assets.example.org/login?utm=test,IOC-URL-770,10.1.243.116,203.0.113.173
evt-urls-000244,2026-06-09T15:34:05+00:00,ENG-LAB-050,user080,outlook.exe,network_connection,URL,http://files.example.org/portal/auth?q=7150,IOC-URL-830,10.1.148.253,203.0.113.43
evt-urls-000245,2026-06-09T16:23:24+00:00,ENG-LAB-027,user088,svchost.exe,network_connection,URL,https://assets.updates.example/collect?utm=lab,IOC-URL-155,10.0.216.9,198.51.100.127
evt-urls-000246,2026-06-09T16:37:43+00:00,ENG-LAB-021,user068,chrome.exe,network_connection,URL,http://files.example.net/download/package.bin,IOC-URL-644,10.0.125.252,203.0.113.182
evt-urls-000247,2026-06-09T17:09:14+00:00,ENG-LAB-055,user100,reg.exe,network_connection,URL,http://auth.telemetry.test/collect?id=caaf430d,IOC-URL-425,10.1.249.57,203.0.113.243
evt-urls-000248,2026-06-09T17:20:00+00:00,ENG-LAB-003,user069,winword.exe,network_connection,URL,https://files.example.com/download/package.bin?q=8105,IOC-URL-114,10.3.246.55,198.51.100.134
evt-urls-000249,2026-06-09T17:29:03+00:00,ENG-LAB-006,user055,reg.exe,network_connection,URL,http://api.sample.invalid/login?q=1475,IOC-URL-821,10.3.194.174,198.51.100.203
evt-urls-000250,2026-06-09T17:48:42+00:00,ENG-LAB-013,user039,reg.exe,network_connection,URL,http://api.example.net/api/v1/checkin?id=7335d6e5,IOC-URL-745,10.2.126.216,203.0.113.184
evt-urls-000251,2026-06-09T18:05:54+00:00,ENG-LAB-031,user014,winword.exe,network_connection,URL,http://api.example.net/collect?q=5097,IOC-URL-685,10.3.80.15,198.51.100.41
evt-urls-000252,2026-06-09T18:11:09+00:00,ENG-LAB-054,user072,teams.exe,network_connection,URL,https://assets.example.net/api/v1/checkin?q=5072,IOC-URL-111,10.3.37.117,198.51.100.225
evt-urls-000253,2026-06-09T18:44:16+00:00,ENG-LAB-035,user093,outlook.exe,network_connection,URL,http://cdn.updates.example/news?q=6258,IOC-URL-629,10.3.69.222,203.0.113.192
evt-urls-000254,2026-06-09T20:02:47+00:00,ENG-LAB-003,user075,teams.exe,network_connection,URL,http://assets.example.org/login?utm=demo,IOC-URL-451,10.3.212.16,198.51.100.112
evt-urls-000255,2026-06-09T20:31:43+00:00,ENG-LAB-058,user070,svchost.exe,network_connection,URL,https://m.updates.example/collect?id=852539ec,IOC-URL-873,10.3.214.138,203.0.113.72
evt-urls-000256,2026-06-09T21:56:03+00:00,ENG-LAB-022,user002,msedge.exe,network_connection,URL,http://files.sample.invalid/login?id=a0f97e5e,IOC-URL-525,10.1.83.250,198.51.100.124
evt-urls-000257,2026-06-09T23:41:07+00:00,ENG-LAB-001,user022,rundll32.exe,network_connection,URL,https://cdn.example.org/api/v1/checkin,IOC-URL-808,10.2.35.226,198.51.100.191
evt-urls-000258,2026-06-10T00:36:58+00:00,ENG-LAB-016,user071,svchost.exe,network_connection,URL,https://cdn.example.org/api/v1/checkin?id=2c7d53d0,IOC-URL-489,10.1.18.214,198.51.100.20
evt-urls-000259,2026-06-10T02:08:22+00:00,ENG-LAB-043,user051,reg.exe,network_connection,URL,https://assets.example.com/portal/auth?id=5398deca,IOC-URL-305,10.1.235.90,203.0.113.8
evt-urls-000260,2026-06-10T02:42:52+00:00,ENG-LAB-049,user071,chrome.exe,network_connection,URL,http://auth.updates.example/api/v1/checkin?q=6403,IOC-URL-190,10.0.47.238,203.0.113.130
evt-urls-000261,2026-06-10T02:46:17+00:00,ENG-LAB-029,user024,teams.exe,network_connection,URL,http://auth.example.org/images/logo.png?q=4449,IOC-URL-689,10.1.243.116,203.0.113.118
evt-urls-000262,2026-06-10T04:52:27+00:00,ENG-LAB-021,user003,reg.exe,network_connection,URL,https://cdn.example.net/api/v1/checkin?utm=demo,IOC-URL-647,10.2.125.58,198.51.100.75
evt-urls-000263,2026-06-10T06:22:47+00:00,ENG-LAB-032,user098,python.exe,network_connection,URL,http://m.example.net/cdn/js/app.js,IOC-URL-940,10.0.235.138,198.51.100.10
evt-urls-000264,2026-06-10T07:09:07+00:00,ENG-LAB-008,user048,teams.exe,network_connection,URL,https://files.sample.invalid/login?utm=demo,IOC-URL-141,10.2.116.58,203.0.113.79
evt-urls-000265,2026-06-10T07:42:24+00:00,ENG-LAB-015,user051,svchost.exe,network_connection,URL,http://m.sample.invalid/images/logo.png,IOC-URL-146,10.1.62.117,198.51.100.202
evt-urls-000266,2026-06-10T08:35:19+00:00,ENG-LAB-029,user096,outlook.exe,network_connection,URL,https://cdn.example.net/download/package.bin?utm=demo,IOC-URL-897,10.1.0.154,203.0.113.55
evt-urls-000267,2026-06-10T09:51:19+00:00,ENG-LAB-018,user008,python.exe,network_connection,URL,http://api.telemetry.test/portal/auth?id=83169666,IOC-URL-852,10.3.1.245,198.51.100.67
evt-urls-000268,2026-06-10T10:07:02+00:00,ENG-LAB-022,user045,python.exe,network_connection,URL,https://www.example.com/login?id=d3efe558,IOC-URL-111,10.0.125.252,203.0.113.104
evt-urls-000269,2026-06-10T11:28:59+00:00,ENG-LAB-056,user016,winword.exe,network_connection,URL,https://assets.telemetry.test/collect?utm=lab,IOC-URL-111,10.1.75.7,198.51.100.145
evt-urls-000270,2026-06-10T11:42:11+00:00,ENG-LAB-011,user087,outlook.exe,network_connection,URL,http://www.example.org/login?utm=demo,IOC-URL-776,10.2.248.161,198.51.100.105
evt-urls-000271,2026-06-10T12:57:12+00:00,ENG-LAB-042,user068,winword.exe,network_connection,URL,https://assets.example.net/images/logo.png,IOC-URL-913,10.0.47.56,198.51.100.253
evt-urls-000272,2026-06-10T15:36:13+00:00,ENG-LAB-033,user030,reg.exe,network_connection,URL,http://auth.updates.example/download/package.bin?id=3706ade7,IOC-URL-879,10.0.47.238,203.0.113.64
evt-urls-000273,2026-06-10T16:29:33+00:00,ENG-LAB-026,user062,msedge.exe,network_connection,URL,https://api.example.com/collect?q=1656,IOC-URL-607,10.0.117.151,203.0.113.43
evt-urls-000274,2026-06-10T19:20:08+00:00,ENG-LAB-057,user034,svchost.exe,network_connection,URL,http://www.example.com/cdn/js/app.js?utm=test,IOC-URL-474,10.2.52.24,203.0.113.206
evt-urls-000275,2026-06-10T19:56:47+00:00,ENG-LAB-021,user078,outlook.exe,network_connection,URL,http://assets.sample.invalid/cdn/js/app.js?q=9847,IOC-URL-193,10.2.224.231,198.51.100.239
evt-urls-000276,2026-06-10T20:26:09+00:00,ENG-LAB-017,user015,svchost.exe,network_connection,URL,http://cdn.telemetry.test/images/logo.png?id=b21d27e6,IOC-URL-230,10.1.211.7,198.51.100.193
evt-urls-000277,2026-06-11T01:30:40+00:00,ENG-LAB-020,user036,teams.exe,network_connection,URL,http://m.telemetry.test/images/logo.png?utm=demo,IOC-URL-460,10.3.127.69,203.0.113.38
evt-urls-000278,2026-06-11T02:09:50+00:00,ENG-LAB-042,user018,chrome.exe,network_connection,URL,http://api.updates.example/portal/auth,IOC-URL-304,10.2.47.210,203.0.113.157
evt-urls-000279,2026-06-11T04:57:55+00:00,ENG-LAB-059,user049,reg.exe,network_connection,URL,http://www.example.net/collect?q=3218,IOC-URL-799,10.3.112.46,198.51.100.194
evt-urls-000280,2026-06-11T05:44:29+00:00,ENG-LAB-044,user067,svchost.exe,network_connection,URL,http://api.sample.invalid/collect?id=6a1d7822,IOC-URL-999,10.2.194.84,198.51.100.29
evt-urls-000281,2026-06-11T05:47:24+00:00,ENG-LAB-023,user029,powershell.exe,network_connection,URL,http://m.updates.example/collect?q=3945,IOC-URL-719,10.2.125.58,198.51.100.42
evt-urls-000282,2026-06-11T06:06:21+00:00,ENG-LAB-040,user085,outlook.exe,network_connection,URL,https://assets.updates.example/news,IOC-URL-256,10.1.130.12,198.51.100.37
evt-urls-000283,2026-06-11T06:52:11+00:00,ENG-LAB-058,user092,rundll32.exe,network_connection,URL,http://cdn.telemetry.test/cdn/js/app.js?id=680f7882,IOC-URL-929,10.3.228.230,198.51.100.242
evt-urls-000284,2026-06-11T07:03:57+00:00,ENG-LAB-022,user049,rundll32.exe,network_connection,URL,http://www.example.com/portal/auth?q=1732,IOC-URL-235,10.0.201.152,203.0.113.71
evt-urls-000285,2026-06-11T07:57:04+00:00,ENG-LAB-044,user030,outlook.exe,network_connection,URL,http://assets.telemetry.test/images/logo.png?id=6e7dcb4e,IOC-URL-777,10.0.185.225,203.0.113.218
evt-urls-000286,2026-06-11T07:58:40+00:00,ENG-LAB-018,user077,chrome.exe,network_connection,URL,https://m.example.net/download/package.bin?q=2328,IOC-URL-144,10.1.75.168,198.51.100.65
evt-urls-000287,2026-06-11T08:28:47+00:00,ENG-LAB-039,user048,reg.exe,network_connection,URL,http://assets.example.com/cdn/js/app.js?id=a122ac2d,IOC-URL-582,10.3.84.216,198.51.100.22
evt-urls-000288,2026-06-11T09:19:17+00:00,ENG-LAB-054,user050,rundll32.exe,network_connection,URL,http://api.example.net/api/v1/checkin?id=1dd20ca2,IOC-URL-764,10.2.174.29,203.0.113.58
evt-urls-000289,2026-06-11T10:40:36+00:00,ENG-LAB-016,user090,winword.exe,network_connection,URL,https://cdn.example.org/cdn/js/app.js?q=5379,IOC-URL-800,10.0.194.72,198.51.100.81
evt-urls-000290,2026-06-11T11:43:42+00:00,ENG-LAB-056,user055,teams.exe,network_connection,URL,https://assets.example.com/cdn/js/app.js?id=8f521811,IOC-URL-531,10.3.208.49,203.0.113.11
evt-urls-000291,2026-06-11T12:20:14+00:00,ENG-LAB-052,user052,powershell.exe,network_connection,URL,https://assets.example.org/news?id=862ec2d5,IOC-URL-755,10.0.54.200,203.0.113.222
evt-urls-000292,2026-06-11T13:08:43+00:00,ENG-LAB-015,user083,powershell.exe,network_connection,URL,http://api.example.org/collect,IOC-URL-639,10.1.158.58,198.51.100.78
evt-urls-000293,2026-06-11T13:34:45+00:00,ENG-LAB-041,user001,msedge.exe,network_connection,URL,https://files.sample.invalid/download/package.bin?id=c4691a92,IOC-URL-807,10.3.135.238,198.51.100.18
evt-urls-000294,2026-06-11T14:19:36+00:00,ENG-LAB-009,user012,rundll32.exe,network_connection,URL,http://api.example.net/cdn/js/app.js,IOC-URL-566,10.0.25.167,198.51.100.97
evt-urls-000295,2026-06-11T16:16:22+00:00,ENG-LAB-029,user030,python.exe,network_connection,URL,http://www.sample.invalid/portal/auth,IOC-URL-701,10.1.243.116,203.0.113.174
evt-urls-000296,2026-06-11T16:24:48+00:00,ENG-LAB-054,user041,winword.exe,network_connection,URL,http://auth.example.net/portal/auth?q=9147,IOC-URL-420,10.1.224.214,203.0.113.24
evt-urls-000297,2026-06-11T17:13:37+00:00,ENG-LAB-032,user007,reg.exe,network_connection,URL,http://cdn.example.com/news?id=2e7c4fe4,IOC-URL-321,10.2.238.114,203.0.113.233
evt-urls-000298,2026-06-11T17:59:06+00:00,ENG-LAB-044,user099,powershell.exe,network_connection,URL,https://www.updates.example/news,IOC-URL-663,10.3.128.249,203.0.113.209
evt-urls-000299,2026-06-11T19:20:08+00:00,ENG-LAB-013,user072,reg.exe,network_connection,URL,http://assets.example.net/collect?q=7251,IOC-URL-960,10.2.4.171,203.0.113.79
evt-urls-000300,2026-06-11T19:46:43+00:00,ENG-LAB-024,user023,chrome.exe,network_connection,URL,http://cdn.telemetry.test/collect?id=5e29adbb,IOC-URL-788,10.1.166.216,203.0.113.203
evt-urls-000301,2026-06-11T20:05:19+00:00,ENG-LAB-031,user096,python.exe,network_connection,URL,https://cdn.telemetry.test/portal/auth,IOC-URL-488,10.3.228.230,198.51.100.108
evt-urls-000302,2026-06-11T20:11:17+00:00,ENG-LAB-037,user077,reg.exe,network_connection,URL,https://auth.updates.example/api/v1/checkin?id=4a94d8ae,IOC-URL-874,10.1.135.30,198.51.100.162
evt-urls-000303,2026-06-11T23:26:24+00:00,ENG-LAB-005,user044,winword.exe,network_connection,URL,http://api.sample.invalid/collect?id=ed126978,IOC-URL-541,10.2.104.176,198.51.100.37
evt-urls-000304,2026-06-12T01:04:12+00:00,ENG-LAB-007,user005,teams.exe,network_connection,URL,https://www.telemetry.test/api/v1/checkin?id=f2e8d4d5,IOC-URL-773,10.3.79.237,198.51.100.16
evt-urls-000305,2026-06-12T01:48:42+00:00,ENG-LAB-028,user018,msedge.exe,network_connection,URL,http://m.updates.example/download/package.bin,IOC-URL-757,10.2.4.171,198.51.100.187
evt-urls-000306,2026-06-12T02:41:11+00:00,ENG-LAB-059,user070,chrome.exe,network_connection,URL,http://m.sample.invalid/images/logo.png?utm=test,IOC-URL-134,10.0.119.222,198.51.100.230
evt-urls-000307,2026-06-12T02:56:38+00:00,ENG-LAB-029,user023,rundll32.exe,network_connection,URL,https://auth.example.net/images/logo.png,IOC-URL-664,10.0.31.192,203.0.113.177
evt-urls-000308,2026-06-12T03:06:57+00:00,ENG-LAB-043,user034,msedge.exe,network_connection,URL,https://cdn.updates.example/cdn/js/app.js,IOC-URL-496,10.1.78.96,203.0.113.190
evt-urls-000309,2026-06-12T04:22:59+00:00,ENG-LAB-057,user011,rundll32.exe,network_connection,URL,http://www.example.net/news,IOC-URL-469,10.2.223.156,198.51.100.127
evt-urls-000310,2026-06-12T04:39:48+00:00,ENG-LAB-031,user039,chrome.exe,network_connection,URL,http://www.example.com/download/package.bin?q=5698,IOC-URL-917,10.0.127.50,198.51.100.52
evt-urls-000311,2026-06-12T06:51:48+00:00,ENG-LAB-027,user099,reg.exe,network_connection,URL,https://files.example.org/login?id=ce50bdbd,IOC-URL-776,10.2.250.65,198.51.100.118
evt-urls-000312,2026-06-12T07:30:38+00:00,ENG-LAB-052,user079,winword.exe,network_connection,URL,http://m.example.com/images/logo.png,IOC-URL-923,10.2.122.15,203.0.113.219
evt-urls-000313,2026-06-12T08:50:40+00:00,ENG-LAB-039,user010,python.exe,network_connection,URL,https://assets.sample.invalid/cdn/js/app.js?id=d832b0b0,IOC-URL-469,10.1.85.105,203.0.113.68
evt-urls-000314,2026-06-12T09:01:05+00:00,ENG-LAB-044,user080,svchost.exe,network_connection,URL,https://api.updates.example/images/logo.png?utm=demo,IOC-URL-161,10.3.80.15,198.51.100.77
evt-urls-000315,2026-06-12T10:16:52+00:00,ENG-LAB-045,user087,reg.exe,network_connection,URL,https://www.telemetry.test/collect?utm=lab,IOC-URL-209,10.1.125.42,198.51.100.15
evt-urls-000316,2026-06-12T10:25:22+00:00,ENG-LAB-026,user088,powershell.exe,network_connection,URL,http://files.example.org/download/package.bin?q=9613,IOC-URL-223,10.1.140.113,198.51.100.12
evt-urls-000317,2026-06-12T10:39:33+00:00,ENG-LAB-027,user021,winword.exe,network_connection,URL,http://m.example.org/portal/auth?q=8218,IOC-URL-241,10.0.169.19,203.0.113.27
evt-urls-000318,2026-06-12T11:21:08+00:00,ENG-LAB-032,user001,python.exe,network_connection,URL,http://www.sample.invalid/login?q=3018,IOC-URL-666,10.2.107.184,198.51.100.176
evt-urls-000319,2026-06-12T12:11:29+00:00,ENG-LAB-024,user008,teams.exe,network_connection,URL,https://m.example.com/collect,IOC-URL-594,10.0.54.200,203.0.113.250
evt-urls-000320,2026-06-12T14:22:34+00:00,ENG-LAB-032,user091,teams.exe,network_connection,URL,https://auth.telemetry.test/portal/auth?utm=lab,IOC-URL-586,10.0.47.56,203.0.113.189
evt-urls-000321,2026-06-12T15:30:25+00:00,ENG-LAB-013,user063,svchost.exe,network_connection,URL,https://m.example.net/news?q=2369,IOC-URL-719,10.1.55.98,198.51.100.230
evt-urls-000322,2026-06-12T16:12:51+00:00,ENG-LAB-048,user087,powershell.exe,network_connection,URL,http://api.sample.invalid/cdn/js/app.js,IOC-URL-246,10.1.220.202,198.51.100.94
evt-urls-000323,2026-06-12T16:17:37+00:00,ENG-LAB-007,user058,python.exe,network_connection,URL,https://cdn.updates.example/collect,IOC-URL-729,10.2.52.24,198.51.100.119
evt-urls-000324,2026-06-12T17:28:45+00:00,ENG-LAB-050,user063,rundll32.exe,network_connection,URL,https://www.updates.example/collect?utm=test,IOC-URL-513,10.1.215.100,198.51.100.146
evt-urls-000325,2026-06-12T17:53:50+00:00,ENG-LAB-044,user047,chrome.exe,network_connection,URL,http://m.example.org/download/package.bin?q=7773,IOC-URL-249,10.3.69.222,203.0.113.6
evt-urls-000326,2026-06-12T18:00:25+00:00,ENG-LAB-023,user045,rundll32.exe,network_connection,URL,http://assets.sample.invalid/portal/auth?utm=demo,IOC-URL-718,10.2.125.58,198.51.100.3
evt-urls-000327,2026-06-12T18:58:18+00:00,ENG-LAB-013,user005,teams.exe,network_connection,URL,http://assets.telemetry.test/login?q=9099,IOC-URL-628,10.1.140.113,203.0.113.119
evt-urls-000328,2026-06-12T19:35:17+00:00,ENG-LAB-052,user011,reg.exe,network_connection,URL,http://files.sample.invalid/images/logo.png?id=813818a4,IOC-URL-540,10.0.155.74,198.51.100.168
evt-urls-000329,2026-06-12T19:57:49+00:00,ENG-LAB-032,user060,winword.exe,network_connection,URL,https://cdn.sample.invalid/portal/auth,IOC-URL-777,10.1.211.7,203.0.113.252
evt-urls-000330,2026-06-12T21:28:55+00:00,ENG-LAB-059,user065,reg.exe,network_connection,URL,http://api.telemetry.test/api/v1/checkin?q=7196,IOC-URL-720,10.1.125.42,203.0.113.91
evt-urls-000331,2026-06-13T00:14:39+00:00,ENG-LAB-059,user019,reg.exe,network_connection,URL,http://files.sample.invalid/cdn/js/app.js?utm=demo,IOC-URL-759,10.1.40.22,198.51.100.201
evt-urls-000332,2026-06-13T00:18:20+00:00,ENG-LAB-025,user033,msedge.exe,network_connection,URL,http://files.telemetry.test/login?utm=test,IOC-URL-201,10.0.59.225,203.0.113.87
evt-urls-000333,2026-06-13T02:01:30+00:00,ENG-LAB-028,user027,svchost.exe,network_connection,URL,http://m.example.org/api/v1/checkin?utm=demo,IOC-URL-767,10.3.127.224,198.51.100.5
evt-urls-000334,2026-06-13T02:05:26+00:00,ENG-LAB-037,user088,powershell.exe,network_connection,URL,http://www.example.com/portal/auth?utm=lab,IOC-URL-279,10.0.194.72,198.51.100.59
evt-urls-000335,2026-06-13T04:27:43+00:00,ENG-LAB-056,user061,teams.exe,network_connection,URL,http://m.telemetry.test/news?q=1999,IOC-URL-587,10.3.93.72,203.0.113.41
evt-urls-000336,2026-06-13T05:15:57+00:00,ENG-LAB-022,user060,reg.exe,network_connection,URL,http://m.example.net/images/logo.png?id=847e86ea,IOC-URL-955,10.2.116.58,203.0.113.154
evt-urls-000337,2026-06-13T05:49:13+00:00,ENG-LAB-014,user070,python.exe,network_connection,URL,http://www.example.net/api/v1/checkin?q=8373,IOC-URL-661,10.2.107.175,198.51.100.65
evt-urls-000338,2026-06-13T07:09:10+00:00,ENG-LAB-051,user032,python.exe,network_connection,URL,https://auth.telemetry.test/collect?id=a1c5358b,IOC-URL-668,10.0.170.198,203.0.113.22
evt-urls-000339,2026-06-13T07:41:59+00:00,ENG-LAB-009,user061,svchost.exe,network_connection,URL,https://assets.example.org/images/logo.png,IOC-URL-554,10.0.180.77,198.51.100.77
evt-urls-000340,2026-06-13T08:34:36+00:00,ENG-LAB-043,user005,powershell.exe,network_connection,URL,https://cdn.example.org/images/logo.png,IOC-URL-116,10.3.35.251,198.51.100.47
evt-urls-000341,2026-06-13T08:49:51+00:00,ENG-LAB-001,user078,rundll32.exe,network_connection,URL,https://cdn.example.org/login,IOC-URL-322,10.3.167.104,198.51.100.84
evt-urls-000342,2026-06-13T10:02:18+00:00,ENG-LAB-041,user019,outlook.exe,network_connection,URL,http://m.updates.example/login?id=c673d7b5,IOC-URL-111,10.3.176.187,198.51.100.194
evt-urls-000343,2026-06-13T12:17:17+00:00,ENG-LAB-053,user080,teams.exe,network_connection,URL,https://api.telemetry.test/news,IOC-URL-231,10.1.125.42,203.0.113.202
evt-urls-000344,2026-06-13T13:16:08+00:00,ENG-LAB-040,user012,msedge.exe,network_connection,URL,https://m.example.org/news?utm=test,IOC-URL-507,10.1.109.17,198.51.100.115
evt-urls-000345,2026-06-13T15:47:23+00:00,ENG-LAB-008,user098,outlook.exe,network_connection,URL,https://api.telemetry.test/news?id=77420f14,IOC-URL-331,10.0.79.70,198.51.100.179
evt-urls-000346,2026-06-13T16:52:11+00:00,ENG-LAB-019,user013,rundll32.exe,network_connection,URL,https://assets.telemetry.test/images/logo.png?utm=demo,IOC-URL-858,10.3.109.139,198.51.100.118
evt-urls-000347,2026-06-13T17:28:05+00:00,ENG-LAB-013,user080,python.exe,network_connection,URL,http://assets.example.net/api/v1/checkin?utm=lab,IOC-URL-875,10.2.135.207,198.51.100.237
evt-urls-000348,2026-06-13T18:14:45+00:00,ENG-LAB-050,user027,powershell.exe,network_connection,URL,http://files.telemetry.test/login?id=8d083eca,IOC-URL-344,10.0.59.225,203.0.113.59
evt-urls-000349,2026-06-13T18:28:39+00:00,ENG-LAB-048,user068,winword.exe,network_connection,URL,https://m.example.org/images/logo.png?q=4245,IOC-URL-173,10.3.208.49,198.51.100.144
evt-urls-000350,2026-06-13T18:56:44+00:00,ENG-LAB-018,user018,msedge.exe,network_connection,URL,http://files.updates.example/cdn/js/app.js?id=9e74825b,IOC-URL-858,10.3.167.104,203.0.113.123
evt-urls-000351,2026-06-13T19:48:40+00:00,ENG-LAB-002,user093,outlook.exe,network_connection,URL,https://api.example.org/login?id=f85cf259,IOC-URL-321,10.3.141.12,198.51.100.57
evt-urls-000352,2026-06-13T21:29:11+00:00,ENG-LAB-035,user045,svchost.exe,network_connection,URL,https://auth.example.com/images/logo.png?utm=demo,IOC-URL-381,10.1.154.104,198.51.100.215
evt-urls-000353,2026-06-13T22:00:36+00:00,ENG-LAB-010,user073,winword.exe,network_connection,URL,https://cdn.example.org/portal/auth,IOC-URL-655,10.0.25.167,203.0.113.90
evt-urls-000354,2026-06-13T22:27:52+00:00,ENG-LAB-017,user046,outlook.exe,network_connection,URL,https://www.telemetry.test/api/v1/checkin?q=7961,IOC-URL-183,10.0.42.165,198.51.100.4
evt-urls-000355,2026-06-13T22:43:43+00:00,ENG-LAB-029,user024,teams.exe,network_connection,URL,https://assets.updates.example/login?q=2699,IOC-URL-897,10.3.80.15,198.51.100.60
evt-urls-000356,2026-06-13T23:30:14+00:00,ENG-LAB-002,user003,python.exe,network_connection,URL,http://m.example.net/news?utm=lab,IOC-URL-741,10.2.224.231,198.51.100.211
evt-urls-000357,2026-06-14T01:58:16+00:00,ENG-LAB-045,user057,reg.exe,network_connection,URL,https://api.example.com/cdn/js/app.js?utm=test,IOC-URL-595,10.3.69.222,203.0.113.125
evt-urls-000358,2026-06-14T02:52:22+00:00,ENG-LAB-044,user059,reg.exe,network_connection,URL,https://api.updates.example/news?q=3931,IOC-URL-270,10.0.152.216,198.51.100.28
evt-urls-000359,2026-06-14T02:55:40+00:00,ENG-LAB-005,user064,rundll32.exe,network_connection,URL,http://assets.example.com/login?utm=test,IOC-URL-468,10.0.235.138,198.51.100.2
evt-urls-000360,2026-06-14T05:06:09+00:00,ENG-LAB-011,user085,teams.exe,network_connection,URL,https://auth.example.org/cdn/js/app.js,IOC-URL-445,10.1.130.12,203.0.113.22
evt-urls-000361,2026-06-14T05:10:06+00:00,ENG-LAB-033,user018,reg.exe,network_connection,URL,http://www.example.com/news?utm=demo,IOC-URL-706,10.3.0.134,203.0.113.32
evt-urls-000362,2026-06-14T05:10:57+00:00,ENG-LAB-049,user082,chrome.exe,network_connection,URL,https://assets.telemetry.test/collect,IOC-URL-776,10.1.216.153,203.0.113.232
evt-urls-000363,2026-06-14T05:36:23+00:00,ENG-LAB-031,user071,python.exe,network_connection,URL,http://files.example.com/api/v1/checkin?q=4630,IOC-URL-535,10.1.249.57,198.51.100.28
evt-urls-000364,2026-06-14T07:02:25+00:00,ENG-LAB-030,user099,winword.exe,network_connection,URL,http://api.updates.example/cdn/js/app.js?utm=test,IOC-URL-888,10.2.250.5,198.51.100.13
evt-urls-000365,2026-06-14T08:14:13+00:00,ENG-LAB-053,user030,svchost.exe,network_connection,URL,https://www.example.net/news,IOC-URL-907,10.3.194.174,203.0.113.2
evt-urls-000366,2026-06-14T08:40:38+00:00,ENG-LAB-006,user019,winword.exe,network_connection,URL,http://assets.sample.invalid/images/logo.png?q=3683,IOC-URL-586,10.0.98.103,198.51.100.252
evt-urls-000367,2026-06-14T11:41:37+00:00,ENG-LAB-021,user054,winword.exe,network_connection,URL,https://cdn.example.com/images/logo.png,IOC-URL-335,10.2.194.84,203.0.113.57
evt-urls-000368,2026-06-14T11:49:15+00:00,ENG-LAB-032,user050,msedge.exe,network_connection,URL,http://www.updates.example/images/logo.png?id=fc3ae101,IOC-URL-758,10.0.226.207,198.51.100.2
evt-urls-000369,2026-06-14T12:12:17+00:00,ENG-LAB-049,user083,reg.exe,network_connection,URL,http://www.example.org/collect?utm=demo,IOC-URL-587,10.3.25.143,198.51.100.55
evt-urls-000370,2026-06-14T12:18:40+00:00,ENG-LAB-059,user011,msedge.exe,network_connection,URL,http://api.telemetry.test/collect?utm=demo,IOC-URL-773,10.3.25.143,203.0.113.182
evt-urls-000371,2026-06-14T12:58:47+00:00,ENG-LAB-053,user073,outlook.exe,network_connection,URL,https://api.example.org/download/package.bin,IOC-URL-227,10.1.18.214,198.51.100.99
evt-urls-000372,2026-06-14T13:33:50+00:00,ENG-LAB-040,user029,python.exe,network_connection,URL,https://cdn.example.org/cdn/js/app.js,IOC-URL-561,10.0.47.163,203.0.113.153
evt-urls-000373,2026-06-14T14:01:24+00:00,ENG-LAB-040,user051,teams.exe,network_connection,URL,http://auth.example.org/images/logo.png?q=5298,IOC-URL-456,10.2.29.13,198.51.100.179
evt-urls-000374,2026-06-14T14:02:37+00:00,ENG-LAB-016,user064,python.exe,network_connection,URL,http://cdn.sample.invalid/portal/auth,IOC-URL-494,10.2.33.55,203.0.113.138
evt-urls-000375,2026-06-14T14:36:50+00:00,ENG-LAB-021,user050,chrome.exe,network_connection,URL,http://files.telemetry.test/collect,IOC-URL-523,10.2.234.81,198.51.100.145
evt-urls-000376,2026-06-14T15:24:21+00:00,ENG-LAB-002,user089,powershell.exe,network_connection,URL,http://assets.example.net/images/logo.png?utm=test,IOC-URL-723,10.1.21.79,203.0.113.3
evt-urls-000377,2026-06-14T17:06:45+00:00,ENG-LAB-028,user022,rundll32.exe,network_connection,URL,https://api.example.net/portal/auth?utm=lab,IOC-URL-557,10.1.110.246,198.51.100.119
evt-urls-000378,2026-06-14T17:34:34+00:00,ENG-LAB-053,user001,reg.exe,network_connection,URL,http://api.telemetry.test/login,IOC-URL-530,10.0.126.149,198.51.100.194
evt-urls-000379,2026-06-14T18:27:09+00:00,ENG-LAB-044,user058,svchost.exe,network_connection,URL,http://www.example.org/api/v1/checkin?utm=lab,IOC-URL-554,10.0.201.152,203.0.113.40
evt-urls-000380,2026-06-14T18:30:49+00:00,ENG-LAB-040,user077,reg.exe,network_connection,URL,https://api.updates.example/portal/auth?q=2600,IOC-URL-130,10.1.75.7,203.0.113.140
evt-urls-000381,2026-06-14T18:36:21+00:00,ENG-LAB-029,user070,powershell.exe,network_connection,URL,https://assets.sample.invalid/news?id=84c19dfb,IOC-URL-768,10.3.185.57,198.51.100.44
evt-urls-000382,2026-06-14T18:43:12+00:00,ENG-LAB-037,user074,python.exe,network_connection,URL,http://auth.telemetry.test/cdn/js/app.js?q=1324,IOC-URL-899,10.0.50.16,203.0.113.182
evt-urls-000383,2026-06-14T19:09:12+00:00,ENG-LAB-030,user052,teams.exe,network_connection,URL,https://www.telemetry.test/cdn/js/app.js?utm=demo,IOC-URL-367,10.3.1.245,203.0.113.209
evt-urls-000384,2026-06-14T19:19:09+00:00,ENG-LAB-021,user092,svchost.exe,network_connection,URL,http://files.example.com/login?q=8202,IOC-URL-508,10.1.126.191,198.51.100.136
evt-urls-000385,2026-06-14T19:32:28+00:00,ENG-LAB-027,user035,winword.exe,network_connection,URL,https://cdn.example.org/login?utm=demo,IOC-URL-216,10.2.111.248,203.0.113.221
evt-urls-000386,2026-06-14T21:53:14+00:00,ENG-LAB-041,user073,msedge.exe,network_connection,URL,http://cdn.example.org/login,IOC-URL-244,10.3.1.253,198.51.100.128
evt-urls-000387,2026-06-14T22:39:55+00:00,ENG-LAB-017,user024,python.exe,network_connection,URL,http://auth.updates.example/login?q=4452,IOC-URL-342,10.3.208.49,203.0.113.242
evt-urls-000388,2026-06-14T22:51:58+00:00,ENG-LAB-004,user089,python.exe,network_connection,URL,https://cdn.example.net/images/logo.png?utm=test,IOC-URL-574,10.3.99.184,203.0.113.232
evt-urls-000389,2026-06-14T23:10:50+00:00,ENG-LAB-023,user029,teams.exe,network_connection,URL,https://assets.sample.invalid/images/logo.png?id=825888fe,IOC-URL-487,10.0.226.207,198.51.100.122
evt-urls-000390,2026-06-14T23:20:44+00:00,ENG-LAB-044,user091,chrome.exe,network_connection,URL,https://files.updates.example/download/package.bin?q=4513,IOC-URL-498,10.1.75.7,203.0.113.3
evt-urls-000391,2026-06-14T23:23:12+00:00,ENG-LAB-052,user017,svchost.exe,network_connection,URL,http://www.example.com/login,IOC-URL-921,10.3.246.55,203.0.113.31
evt-urls-000392,2026-06-15T00:13:26+00:00,ENG-LAB-018,user005,svchost.exe,network_connection,URL,http://auth.updates.example/collect?q=3531,IOC-URL-554,10.0.47.163,198.51.100.233
evt-urls-000393,2026-06-15T00:47:12+00:00,ENG-LAB-030,user014,powershell.exe,network_connection,URL,http://auth.sample.invalid/api/v1/checkin?id=8a00f62d,IOC-URL-106,10.0.37.138,203.0.113.171
evt-urls-000394,2026-06-15T00:51:51+00:00,ENG-LAB-057,user098,rundll32.exe,network_connection,URL,https://cdn.updates.example/login?utm=lab,IOC-URL-206,10.3.214.138,203.0.113.27
evt-urls-000395,2026-06-15T03:36:13+00:00,ENG-LAB-019,user089,msedge.exe,network_connection,URL,http://cdn.example.net/collect?q=6902,IOC-URL-232,10.3.1.245,203.0.113.103
evt-urls-000396,2026-06-15T06:30:34+00:00,ENG-LAB-019,user083,outlook.exe,network_connection,URL,https://www.example.com/cdn/js/app.js?q=4453,IOC-URL-350,10.1.243.116,203.0.113.208
evt-urls-000397,2026-06-15T07:19:35+00:00,ENG-LAB-053,user027,chrome.exe,network_connection,URL,http://files.sample.invalid/images/logo.png?id=0251881b,IOC-URL-251,10.0.235.138,198.51.100.81
evt-urls-000398,2026-06-15T08:59:09+00:00,ENG-LAB-056,user022,svchost.exe,network_connection,URL,http://assets.telemetry.test/images/logo.png,IOC-URL-746,10.2.238.114,198.51.100.39
evt-urls-000399,2026-06-15T10:00:53+00:00,ENG-LAB-018,user095,outlook.exe,network_connection,URL,http://files.sample.invalid/images/logo.png?utm=lab,IOC-URL-657,10.3.0.134,203.0.113.90
evt-urls-000400,2026-06-15T10:03:50+00:00,ENG-LAB-015,user087,winword.exe,network_connection,URL,http://m.sample.invalid/images/logo.png?q=1448,IOC-URL-522,10.2.29.13,198.51.100.11
evt-urls-000401,2026-06-15T10:31:03+00:00,ENG-LAB-001,user058,outlook.exe,network_connection,URL,http://cdn.example.net/download/package.bin?utm=lab,IOC-URL-879,10.3.93.13,203.0.113.87
evt-urls-000402,2026-06-15T12:25:39+00:00,ENG-LAB-058,user022,teams.exe,network_connection,URL,http://files.sample.invalid/download/package.bin?utm=test,IOC-URL-975,10.2.224.231,203.0.113.45
evt-urls-000403,2026-06-15T13:49:34+00:00,ENG-LAB-035,user079,powershell.exe,network_connection,URL,https://m.sample.invalid/cdn/js/app.js?q=9209,IOC-URL-185,10.0.25.167,203.0.113.41
evt-urls-000404,2026-06-15T16:03:48+00:00,ENG-LAB-023,user057,winword.exe,network_connection,URL,https://assets.telemetry.test/api/v1/checkin?id=3ad0b23a,IOC-URL-805,10.2.133.53,203.0.113.184
evt-urls-000405,2026-06-15T16:49:50+00:00,ENG-LAB-021,user063,teams.exe,network_connection,URL,https://auth.example.org/api/v1/checkin?utm=lab,IOC-URL-962,10.2.19.28,203.0.113.228
evt-urls-000406,2026-06-15T16:59:02+00:00,ENG-LAB-020,user057,chrome.exe,network_connection,URL,http://cdn.updates.example/news?id=32a4ad28,IOC-URL-473,10.0.194.123,203.0.113.68
evt-urls-000407,2026-06-15T17:18:57+00:00,ENG-LAB-003,user026,powershell.exe,network_connection,URL,https://cdn.example.com/news?q=8604,IOC-URL-239,10.3.142.208,203.0.113.133
evt-urls-000408,2026-06-15T17:23:23+00:00,ENG-LAB-022,user018,msedge.exe,network_connection,URL,https://auth.example.org/cdn/js/app.js?q=8233,IOC-URL-549,10.2.4.171,198.51.100.140
evt-urls-000409,2026-06-15T18:03:16+00:00,ENG-LAB-046,user024,chrome.exe,network_connection,URL,https://m.telemetry.test/images/logo.png,IOC-URL-909,10.1.229.36,198.51.100.37
evt-urls-000410,2026-06-15T18:23:10+00:00,ENG-LAB-004,user051,outlook.exe,network_connection,URL,http://cdn.example.net/api/v1/checkin?utm=demo,IOC-URL-539,10.1.75.168,203.0.113.47
evt-urls-000411,2026-06-15T18:29:41+00:00,ENG-LAB-005,user069,chrome.exe,network_connection,URL,https://assets.example.org/collect?q=9011,IOC-URL-788,10.3.202.227,203.0.113.181
evt-urls-000412,2026-06-15T18:39:24+00:00,ENG-LAB-015,user049,python.exe,network_connection,URL,https://www.sample.invalid/cdn/js/app.js,IOC-URL-423,10.1.52.91,198.51.100.190
evt-urls-000413,2026-06-15T18:53:05+00:00,ENG-LAB-055,user043,python.exe,network_connection,URL,https://files.updates.example/download/package.bin?utm=lab,IOC-URL-424,10.2.47.210,198.51.100.114
evt-urls-000414,2026-06-15T19:14:17+00:00,ENG-LAB-040,user069,rundll32.exe,network_connection,URL,http://auth.updates.example/images/logo.png?q=3506,IOC-URL-546,10.0.194.123,198.51.100.50
evt-urls-000415,2026-06-15T19:47:19+00:00,ENG-LAB-013,user020,python.exe,network_connection,URL,https://files.example.com/portal/auth?utm=test,IOC-URL-158,10.1.154.104,203.0.113.207
evt-urls-000416,2026-06-15T21:05:42+00:00,ENG-LAB-034,user059,python.exe,network_connection,URL,http://www.example.com/portal/auth,IOC-URL-858,10.2.63.185,203.0.113.120
evt-urls-000417,2026-06-15T21:12:09+00:00,ENG-LAB-008,user039,rundll32.exe,network_connection,URL,http://www.example.com/news?q=7365,IOC-URL-853,10.0.25.167,198.51.100.209
evt-urls-000418,2026-06-15T22:02:50+00:00,ENG-LAB-050,user075,teams.exe,network_connection,URL,http://assets.example.com/collect,IOC-URL-838,10.2.135.207,198.51.100.45
evt-urls-000419,2026-06-15T22:17:44+00:00,ENG-LAB-043,user051,powershell.exe,network_connection,URL,http://auth.example.net/download/package.bin?id=74467c7c,IOC-URL-825,10.3.186.42,203.0.113.159
evt-urls-000420,2026-06-15T23:43:09+00:00,ENG-LAB-046,user055,reg.exe,network_connection,URL,https://files.example.net/api/v1/checkin?id=143f260a,IOC-URL-559,10.1.154.104,203.0.113.246
evt-urls-000421,2026-06-16T00:32:59+00:00,ENG-LAB-042,user020,teams.exe,network_connection,URL,https://www.example.net/portal/auth?q=3692,IOC-URL-746,10.1.196.178,198.51.100.156
evt-urls-000422,2026-06-16T01:36:25+00:00,ENG-LAB-038,user013,svchost.exe,network_connection,URL,https://cdn.telemetry.test/download/package.bin?utm=lab,IOC-URL-430,10.2.219.230,198.51.100.246
evt-urls-000423,2026-06-16T01:39:30+00:00,ENG-LAB-034,user049,svchost.exe,network_connection,URL,http://api.telemetry.test/images/logo.png?id=b316babe,IOC-URL-570,10.0.142.90,203.0.113.176
evt-urls-000424,2026-06-16T01:44:53+00:00,ENG-LAB-054,user048,python.exe,network_connection,URL,http://cdn.sample.invalid/cdn/js/app.js?q=9530,IOC-URL-723,10.0.50.16,203.0.113.153
evt-urls-000425,2026-06-16T01:54:15+00:00,ENG-LAB-055,user079,powershell.exe,network_connection,URL,http://files.example.org/cdn/js/app.js,IOC-URL-243,10.3.141.12,203.0.113.82
evt-urls-000426,2026-06-16T02:50:42+00:00,ENG-LAB-006,user068,svchost.exe,network_connection,URL,https://assets.example.org/cdn/js/app.js?utm=test,IOC-URL-638,10.2.91.149,198.51.100.6
evt-urls-000427,2026-06-16T03:16:21+00:00,ENG-LAB-051,user042,rundll32.exe,network_connection,URL,http://files.example.org/news?utm=lab,IOC-URL-130,10.2.185.148,203.0.113.244
evt-urls-000428,2026-06-16T03:21:48+00:00,ENG-LAB-028,user093,chrome.exe,network_connection,URL,http://www.updates.example/portal/auth?utm=lab,IOC-URL-714,10.0.25.167,203.0.113.181
evt-urls-000429,2026-06-16T04:55:24+00:00,ENG-LAB-022,user004,rundll32.exe,network_connection,URL,http://auth.example.org/api/v1/checkin?id=3e533e39,IOC-URL-286,10.1.52.91,203.0.113.109
evt-urls-000430,2026-06-16T06:45:48+00:00,ENG-LAB-036,user024,chrome.exe,network_connection,URL,http://files.updates.example/portal/auth?q=7788,IOC-URL-983,10.1.78.96,198.51.100.42
evt-urls-000431,2026-06-16T06:49:04+00:00,ENG-LAB-017,user013,winword.exe,network_connection,URL,http://cdn.example.com/download/package.bin?q=1891,IOC-URL-598,10.3.1.253,203.0.113.183
evt-urls-000432,2026-06-16T09:21:46+00:00,ENG-LAB-044,user051,python.exe,network_connection,URL,http://assets.example.net/api/v1/checkin?id=3240066f,IOC-URL-192,10.0.37.138,203.0.113.8
evt-urls-000433,2026-06-16T09:38:33+00:00,ENG-LAB-026,user076,python.exe,network_connection,URL,http://www.example.com/login?q=3130,IOC-URL-897,10.0.37.138,198.51.100.193
evt-urls-000434,2026-06-16T10:46:38+00:00,ENG-LAB-004,user081,svchost.exe,network_connection,URL,http://api.telemetry.test/download/package.bin?utm=test,IOC-URL-437,10.1.125.42,198.51.100.32
evt-urls-000435,2026-06-16T11:07:19+00:00,ENG-LAB-059,user056,svchost.exe,network_connection,URL,http://files.telemetry.test/images/logo.png?utm=lab,IOC-URL-696,10.1.52.174,198.51.100.60
evt-urls-000436,2026-06-16T11:29:27+00:00,ENG-LAB-018,user007,msedge.exe,network_connection,URL,http://assets.telemetry.test/news?utm=demo,IOC-URL-453,10.0.170.198,203.0.113.249
evt-urls-000437,2026-06-16T19:24:59+00:00,ENG-LAB-057,user048,rundll32.exe,network_connection,URL,http://assets.sample.invalid/collect,IOC-URL-435,10.2.63.185,203.0.113.2
evt-urls-000438,2026-06-16T19:43:12+00:00,ENG-LAB-031,user041,powershell.exe,network_connection,URL,http://m.example.net/images/logo.png?id=39a62826,IOC-URL-426,10.0.127.50,198.51.100.123
evt-urls-000439,2026-06-16T22:37:23+00:00,ENG-LAB-058,user088,msedge.exe,network_connection,URL,https://m.updates.example/login?utm=demo,IOC-URL-987,10.1.32.87,198.51.100.186
evt-urls-000440,2026-06-17T00:30:18+00:00,ENG-LAB-019,user074,outlook.exe,network_connection,URL,https://m.example.org/login?utm=demo,IOC-URL-795,10.1.125.42,203.0.113.70
evt-urls-000441,2026-06-17T00:40:51+00:00,ENG-LAB-019,user074,winword.exe,network_connection,URL,http://www.example.com/api/v1/checkin?utm=lab,IOC-URL-172,10.0.25.167,198.51.100.60
evt-urls-000442,2026-06-17T00:41:19+00:00,ENG-LAB-021,user076,rundll32.exe,network_connection,URL,https://www.updates.example/images/logo.png?q=3985,IOC-URL-738,10.1.242.63,203.0.113.175
evt-urls-000443,2026-06-17T01:32:29+00:00,ENG-LAB-028,user015,rundll32.exe,network_connection,URL,http://www.example.org/download/package.bin?id=35e8b73f,IOC-URL-552,10.3.80.15,198.51.100.253
evt-urls-000444,2026-06-17T02:16:24+00:00,ENG-LAB-047,user066,teams.exe,network_connection,URL,https://assets.updates.example/api/v1/checkin?q=2870,IOC-URL-487,10.2.19.28,203.0.113.195
evt-urls-000445,2026-06-17T02:54:27+00:00,ENG-LAB-048,user077,outlook.exe,network_connection,URL,http://www.example.com/images/logo.png?q=6296,IOC-URL-197,10.2.223.156,203.0.113.31
evt-urls-000446,2026-06-17T03:49:53+00:00,ENG-LAB-029,user063,powershell.exe,network_connection,URL,https://files.example.org/news?q=9281,IOC-URL-678,10.3.142.208,198.51.100.154
evt-urls-000447,2026-06-17T03:59:17+00:00,ENG-LAB-039,user083,reg.exe,network_connection,URL,http://m.example.com/api/v1/checkin?id=d0107af4,IOC-URL-555,10.2.194.84,198.51.100.188
evt-urls-000448,2026-06-17T04:44:45+00:00,ENG-LAB-060,user090,powershell.exe,network_connection,URL,http://assets.example.net/api/v1/checkin?utm=demo,IOC-URL-620,10.1.159.103,203.0.113.63
evt-urls-000449,2026-06-17T04:52:03+00:00,ENG-LAB-027,user040,outlook.exe,network_connection,URL,https://m.example.org/portal/auth?id=57a08904,IOC-URL-395,10.2.47.210,203.0.113.93
evt-urls-000450,2026-06-17T05:03:58+00:00,ENG-LAB-029,user010,msedge.exe,network_connection,URL,http://files.updates.example/login?q=8847,IOC-URL-722,10.0.56.40,203.0.113.34
evt-urls-000451,2026-06-17T08:32:39+00:00,ENG-LAB-008,user037,msedge.exe,network_connection,URL,https://assets.telemetry.test/cdn/js/app.js?q=3247,IOC-URL-609,10.0.185.225,198.51.100.58
evt-urls-000452,2026-06-17T09:51:38+00:00,ENG-LAB-019,user100,chrome.exe,network_connection,URL,http://files.example.net/download/package.bin,IOC-URL-310,10.1.235.90,198.51.100.57
evt-urls-000453,2026-06-17T11:34:42+00:00,ENG-LAB-036,user028,rundll32.exe,network_connection,URL,https://www.example.net/collect,IOC-URL-990,10.3.135.238,203.0.113.156
evt-urls-000454,2026-06-17T11:57:48+00:00,ENG-LAB-008,user005,reg.exe,network_connection,URL,http://api.sample.invalid/news?utm=lab,IOC-URL-884,10.0.47.56,203.0.113.124
evt-urls-000455,2026-06-17T11:59:35+00:00,ENG-LAB-018,user056,winword.exe,network_connection,URL,http://www.example.org/api/v1/checkin?q=2469,IOC-URL-616,10.1.85.105,198.51.100.199
evt-urls-000456,2026-06-17T12:00:46+00:00,ENG-LAB-048,user017,python.exe,network_connection,URL,http://assets.example.net/collect,IOC-URL-390,10.1.65.169,203.0.113.48
evt-urls-000457,2026-06-17T12:27:22+00:00,ENG-LAB-014,user053,python.exe,network_connection,URL,https://www.example.com/login,IOC-URL-264,10.1.78.96,203.0.113.114
evt-urls-000458,2026-06-17T12:46:27+00:00,ENG-LAB-033,user015,chrome.exe,network_connection,URL,http://api.example.net/download/package.bin?utm=lab,IOC-URL-365,10.2.47.210,198.51.100.6
evt-urls-000459,2026-06-17T13:42:02+00:00,ENG-LAB-048,user071,python.exe,network_connection,URL,http://assets.example.com/news?utm=test,IOC-URL-359,10.2.107.175,198.51.100.73
evt-urls-000460,2026-06-17T13:51:54+00:00,ENG-LAB-006,user015,chrome.exe,network_connection,URL,http://api.example.org/images/logo.png?id=670f6471,IOC-URL-735,10.0.56.40,198.51.100.191
evt-urls-000461,2026-06-17T14:13:40+00:00,ENG-LAB-032,user064,powershell.exe,network_connection,URL,http://api.example.net/cdn/js/app.js?id=79242f87,IOC-URL-338,10.0.70.39,203.0.113.149
evt-urls-000462,2026-06-17T14:31:40+00:00,ENG-LAB-034,user012,rundll32.exe,network_connection,URL,http://auth.telemetry.test/collect?id=bfbf09f2,IOC-URL-907,10.2.171.82,203.0.113.148
evt-urls-000463,2026-06-17T16:01:57+00:00,ENG-LAB-035,user098,winword.exe,network_connection,URL,http://assets.telemetry.test/news?q=7033,IOC-URL-106,10.1.189.73,203.0.113.13
evt-urls-000464,2026-06-17T17:36:20+00:00,ENG-LAB-021,user058,outlook.exe,network_connection,URL,http://assets.example.org/news?utm=test,IOC-URL-176,10.2.122.15,203.0.113.70
evt-urls-000465,2026-06-17T18:03:55+00:00,ENG-LAB-016,user032,svchost.exe,network_connection,URL,http://m.telemetry.test/images/logo.png?q=8757,IOC-URL-693,10.3.108.238,198.51.100.203
evt-urls-000466,2026-06-17T18:33:41+00:00,ENG-LAB-025,user049,winword.exe,network_connection,URL,https://m.example.com/portal/auth?q=7745,IOC-URL-181,10.1.135.30,198.51.100.67
evt-urls-000467,2026-06-17T19:20:09+00:00,ENG-LAB-031,user002,powershell.exe,network_connection,URL,https://assets.example.net/news?q=8081,IOC-URL-611,10.2.219.230,198.51.100.204
evt-urls-000468,2026-06-17T19:23:56+00:00,ENG-LAB-034,user005,svchost.exe,network_connection,URL,https://cdn.example.org/download/package.bin,IOC-URL-234,10.3.194.174,203.0.113.193
evt-urls-000469,2026-06-17T20:02:41+00:00,ENG-LAB-028,user036,svchost.exe,network_connection,URL,http://m.example.net/collect?utm=lab,IOC-URL-795,10.0.194.123,203.0.113.170
evt-urls-000470,2026-06-17T21:30:49+00:00,ENG-LAB-050,user064,python.exe,network_connection,URL,https://auth.example.com/cdn/js/app.js?utm=lab,IOC-URL-215,10.1.186.111,203.0.113.59
evt-urls-000471,2026-06-17T22:07:50+00:00,ENG-LAB-001,user074,python.exe,network_connection,URL,https://m.example.com/cdn/js/app.js?q=9908,IOC-URL-632,10.2.125.58,203.0.113.193
evt-urls-000472,2026-06-17T22:59:41+00:00,ENG-LAB-002,user014,reg.exe,network_connection,URL,http://files.telemetry.test/images/logo.png?q=9166,IOC-URL-136,10.2.223.156,198.51.100.28
evt-urls-000473,2026-06-17T23:02:03+00:00,ENG-LAB-036,user052,outlook.exe,network_connection,URL,https://cdn.sample.invalid/cdn/js/app.js?id=25ece9b4,IOC-URL-508,10.1.170.201,203.0.113.223
evt-urls-000474,2026-06-17T23:17:37+00:00,ENG-LAB-037,user092,python.exe,network_connection,URL,http://www.example.com/api/v1/checkin,IOC-URL-339,10.0.31.192,203.0.113.154
evt-urls-000475,2026-06-17T23:54:43+00:00,ENG-LAB-010,user004,rundll32.exe,network_connection,URL,https://m.updates.example/collect?q=4368,IOC-URL-138,10.2.181.54,203.0.113.38
evt-urls-000476,2026-06-18T00:44:32+00:00,ENG-LAB-020,user090,python.exe,network_connection,URL,http://files.example.net/cdn/js/app.js?id=4df6f474,IOC-URL-828,10.0.180.77,198.51.100.225
evt-urls-000477,2026-06-18T03:03:39+00:00,ENG-LAB-034,user061,python.exe,network_connection,URL,http://www.example.net/news?utm=lab,IOC-URL-217,10.1.62.117,203.0.113.178
evt-urls-000478,2026-06-18T04:14:26+00:00,ENG-LAB-024,user081,winword.exe,network_connection,URL,https://cdn.sample.invalid/portal/auth?id=8fa0b023,IOC-URL-871,10.0.199.87,198.51.100.18
evt-urls-000479,2026-06-18T06:04:56+00:00,ENG-LAB-003,user002,powershell.exe,network_connection,URL,https://m.example.com/cdn/js/app.js?q=6123,IOC-URL-436,10.3.80.15,198.51.100.204
evt-urls-000480,2026-06-18T06:10:06+00:00,ENG-LAB-060,user014,teams.exe,network_connection,URL,http://m.example.com/collect?id=0968c576,IOC-URL-904,10.3.173.205,198.51.100.191
evt-urls-000481,2026-06-18T07:54:53+00:00,ENG-LAB-045,user074,msedge.exe,network_connection,URL,https://assets.telemetry.test/collect?q=8899,IOC-URL-237,10.1.142.172,203.0.113.245
evt-urls-000482,2026-06-18T09:32:00+00:00,ENG-LAB-060,user035,reg.exe,network_connection,URL,http://cdn.sample.invalid/images/logo.png?id=bdffc3b4,IOC-URL-860,10.1.62.117,198.51.100.252
evt-urls-000483,2026-06-18T10:11:35+00:00,ENG-LAB-010,user079,outlook.exe,network_connection,URL,https://auth.updates.example/api/v1/checkin?q=9830,IOC-URL-519,10.3.37.117,203.0.113.165
evt-urls-000484,2026-06-18T11:30:45+00:00,ENG-LAB-016,user050,rundll32.exe,network_connection,URL,https://api.sample.invalid/download/package.bin?q=5097,IOC-URL-855,10.0.81.179,203.0.113.102
evt-urls-000485,2026-06-18T12:32:09+00:00,ENG-LAB-042,user073,powershell.exe,network_connection,URL,https://m.example.org/cdn/js/app.js?id=9ad5a180,IOC-URL-169,10.2.223.156,198.51.100.19
evt-urls-000486,2026-06-18T12:42:13+00:00,ENG-LAB-029,user040,rundll32.exe,network_connection,URL,https://cdn.example.com/download/package.bin?utm=test,IOC-URL-972,10.2.108.168,203.0.113.47
evt-urls-000487,2026-06-18T12:43:04+00:00,ENG-LAB-002,user076,msedge.exe,network_connection,URL,http://m.telemetry.test/collect?id=41a51599,IOC-URL-368,10.3.84.68,203.0.113.21
evt-urls-000488,2026-06-18T13:55:30+00:00,ENG-LAB-045,user017,winword.exe,network_connection,URL,http://www.example.com/login?utm=lab,IOC-URL-755,10.0.49.169,198.51.100.14
evt-urls-000489,2026-06-18T14:24:52+00:00,ENG-LAB-049,user018,powershell.exe,network_connection,URL,http://www.updates.example/api/v1/checkin?utm=lab,IOC-URL-643,10.1.130.12,203.0.113.5
evt-urls-000490,2026-06-18T15:18:59+00:00,ENG-LAB-034,user033,rundll32.exe,network_connection,URL,https://files.updates.example/download/package.bin,IOC-URL-343,10.1.154.104,203.0.113.63
evt-urls-000491,2026-06-18T15:45:40+00:00,ENG-LAB-033,user049,powershell.exe,network_connection,URL,https://www.telemetry.test/download/package.bin?utm=test,IOC-URL-734,10.0.120.104,198.51.100.144
evt-urls-000492,2026-06-18T17:03:47+00:00,ENG-LAB-004,user078,rundll32.exe,network_connection,URL,http://assets.example.net/login?utm=demo,IOC-URL-894,10.2.224.231,198.51.100.57
evt-urls-000493,2026-06-18T17:53:13+00:00,ENG-LAB-055,user029,winword.exe,network_connection,URL,https://m.example.net/api/v1/checkin?q=1449,IOC-URL-375,10.3.253.103,203.0.113.210
evt-urls-000494,2026-06-18T19:08:17+00:00,ENG-LAB-019,user096,rundll32.exe,network_connection,URL,http://m.sample.invalid/images/logo.png?id=e0867e33,IOC-URL-233,10.2.107.184,198.51.100.185
evt-urls-000495,2026-06-18T20:03:37+00:00,ENG-LAB-027,user007,outlook.exe,network_connection,URL,https://auth.example.net/portal/auth?q=5816,IOC-URL-320,10.0.152.216,198.51.100.166
evt-urls-000496,2026-06-18T20:19:59+00:00,ENG-LAB-010,user047,rundll32.exe,network_connection,URL,http://assets.example.com/portal/auth?q=7943,IOC-URL-941,10.0.226.207,203.0.113.11
evt-urls-000497,2026-06-18T21:44:43+00:00,ENG-LAB-020,user078,msedge.exe,network_connection,URL,https://m.updates.example/login?utm=demo,IOC-URL-883,10.2.250.65,203.0.113.196
evt-urls-000498,2026-06-18T21:53:04+00:00,ENG-LAB-054,user069,winword.exe,network_connection,URL,http://cdn.telemetry.test/cdn/js/app.js?id=04816c49,IOC-URL-371,10.3.49.92,203.0.113.153
evt-urls-000499,2026-06-18T22:24:56+00:00,ENG-LAB-022,user048,outlook.exe,network_connection,URL,https://assets.example.net/api/v1/checkin?id=58eaf1af,IOC-URL-401,10.0.57.20,198.51.100.182
evt-urls-000500,2026-06-18T22:38:04+00:00,ENG-LAB-023,user031,msedge.exe,network_connection,URL,https://files.sample.invalid/login?utm=demo,IOC-URL-852,10.3.84.216,203.0.113.171