Email Address,Match Status,Matched Field,timestamp_utc,Source IP,Destination IP
visitable.daishaju@gmail.com,Not Found,N/A,N/A,N/A,N/A
goodlandteactuator@gmail.com,Not Found,N/A,N/A,N/A,N/A
claire3bluntxq@gmail.com,Not Found,N/A,N/A,N/A,N/A
ascents.nestora2@gmail.com,Not Found,N/A,N/A,N/A,N/A
walknermohammad26@gmail.com,Not Found,N/A,N/A,N/A,N/A
entertainingemiliano20@gmail.com,Not Found,N/A,N/A,N/A,N/A
osinskigeovannyxw@gmail.com,Not Found,N/A,N/A,N/A,N/A
brittanisoq@outlook.com,Not Found,N/A,N/A,N/A,N/A
charmainejuxtzk@outlook.com,Not Found,N/A,N/A,N/A,N/A
gradyt18iheme@outlook.com,Not Found,N/A,N/A,N/A,N/A
dagny382cber@outlook.com,Not Found,N/A,N/A,N/A,N/A
marikok2bedax@outlook.com,Not Found,N/A,N/A,N/A,N/A
pearlykeap3l@outlook.com,Not Found,N/A,N/A,N/A,N/A
mattbotossd@outlook.com,Not Found,N/A,N/A,N/A,N/A
thuang6102@gmail.com,Found,ioc_value,2026-06-01T00:04:04+00:00,10.3.1.245,198.51.100.11
earlt1948@gmail.com,Found,ioc_value,2026-06-01T00:08:16+00:00,10.2.107.184,203.0.113.100
amianggitaphill@yahoo.com,Found,ioc_value,2026-06-01T00:17:35+00:00,10.3.25.143,198.51.100.158
zoezlb@gmail.com,Found,ioc_value,2026-06-01T00:39:03+00:00,10.3.169.241,203.0.113.66
suzannehhu316@outlook.com,Found,ioc_value,2026-06-01T00:49:08+00:00,10.3.1.245,198.51.100.162