event_id,timestamp_utc,host,user,process_name,ioc_type,ioc_value,detection_rule,source_ip,destination_ip
evt-email_addresses-000001,2026-06-01T00:04:04+00:00,ENG-LAB-028,user079,winword.exe,Email Address,thuang6102@gmail.com,IOC-EMAIL-879,10.3.1.245,198.51.100.11
evt-email_addresses-000002,2026-06-01T00:08:16+00:00,ENG-LAB-059,user044,chrome.exe,Email Address,earlt1948@gmail.com,IOC-EMAIL-469,10.2.107.184,203.0.113.100
evt-email_addresses-000003,2026-06-01T00:17:35+00:00,ENG-LAB-057,user070,teams.exe,Email Address,amianggitaphill@yahoo.com,IOC-EMAIL-294,10.3.25.143,198.51.100.158
evt-email_addresses-000004,2026-06-01T00:39:03+00:00,ENG-LAB-012,user071,winword.exe,Email Address,zoezlb@gmail.com,IOC-EMAIL-401,10.3.169.241,203.0.113.66
evt-email_addresses-000005,2026-06-01T00:49:08+00:00,ENG-LAB-021,user096,reg.exe,Email Address,suzannehhu316@outlook.com,IOC-EMAIL-384,10.3.1.245,198.51.100.162
evt-email_addresses-000006,2026-06-01T01:34:43+00:00,ENG-LAB-053,user008,svchost.exe,Email Address,helpdesk+233@example.example,IOC-EMAIL-336,10.2.250.65,203.0.113.234
evt-email_addresses-000007,2026-06-01T01:57:36+00:00,ENG-LAB-012,user023,python.exe,Email Address,admin+145@lab.invalid,IOC-EMAIL-881,10.3.239.222,198.51.100.227
evt-email_addresses-000008,2026-06-01T03:07:00+00:00,ENG-LAB-004,user050,python.exe,Email Address,alerts+876@example.invalid,IOC-EMAIL-445,10.2.116.58,198.51.100.149
evt-email_addresses-000009,2026-06-01T03:32:18+00:00,ENG-LAB-058,user087,svchost.exe,Email Address,research+219@example.invalid,IOC-EMAIL-442,10.3.84.216,198.51.100.195
evt-email_addresses-000010,2026-06-01T04:21:57+00:00,ENG-LAB-049,user074,rundll32.exe,Email Address,admin+demo76@example.example,IOC-EMAIL-162,10.2.126.216,203.0.113.89
evt-email_addresses-000011,2026-06-01T04:22:39+00:00,ENG-LAB-035,user076,msedge.exe,Email Address,training@example.example,IOC-EMAIL-980,10.3.84.68,198.51.100.47
evt-email_addresses-000012,2026-06-01T05:50:28+00:00,ENG-LAB-055,user055,powershell.exe,Email Address,alerts@university.example,IOC-EMAIL-724,10.2.238.114,203.0.113.178
evt-email_addresses-000013,2026-06-01T06:43:01+00:00,ENG-LAB-052,user060,winword.exe,Email Address,noreply+130@example.invalid,IOC-EMAIL-572,10.2.181.54,203.0.113.98
evt-email_addresses-000014,2026-06-01T06:52:45+00:00,ENG-LAB-020,user041,outlook.exe,Email Address,admin@example.example,IOC-EMAIL-652,10.3.181.109,198.51.100.251
evt-email_addresses-000015,2026-06-01T07:11:19+00:00,ENG-LAB-021,user006,rundll32.exe,Email Address,noreply@example.invalid,IOC-EMAIL-462,10.0.199.87,198.51.100.141
evt-email_addresses-000016,2026-06-01T08:02:10+00:00,ENG-LAB-042,user033,outlook.exe,Email Address,helpdesk+115@university.example,IOC-EMAIL-917,10.0.42.165,203.0.113.70
evt-email_addresses-000017,2026-06-01T09:06:13+00:00,ENG-LAB-034,user074,rundll32.exe,Email Address,admin@lab.invalid,IOC-EMAIL-255,10.1.75.7,198.51.100.178
evt-email_addresses-000018,2026-06-01T09:19:52+00:00,ENG-LAB-008,user098,outlook.exe,Email Address,admin@lab.invalid,IOC-EMAIL-530,10.3.109.139,198.51.100.140
evt-email_addresses-000019,2026-06-01T09:49:47+00:00,ENG-LAB-033,user035,reg.exe,Email Address,billing+856@university.example,IOC-EMAIL-228,10.0.54.200,198.51.100.46
evt-email_addresses-000020,2026-06-01T10:06:19+00:00,ENG-LAB-033,user067,rundll32.exe,Email Address,noreply@example.invalid,IOC-EMAIL-713,10.2.63.185,198.51.100.219
evt-email_addresses-000021,2026-06-01T10:06:43+00:00,ENG-LAB-042,user056,rundll32.exe,Email Address,admin+845@example.example,IOC-EMAIL-618,10.2.174.29,203.0.113.220
evt-email_addresses-000022,2026-06-01T12:28:55+00:00,ENG-LAB-010,user003,rundll32.exe,Email Address,training+663@lab.invalid,IOC-EMAIL-181,10.1.216.153,203.0.113.122
evt-email_addresses-000023,2026-06-01T12:40:25+00:00,ENG-LAB-026,user034,chrome.exe,Email Address,training+demo18@example.invalid,IOC-EMAIL-967,10.3.194.70,198.51.100.165
evt-email_addresses-000024,2026-06-01T12:46:28+00:00,ENG-LAB-047,user001,python.exe,Email Address,admin+464@lab.invalid,IOC-EMAIL-545,10.3.127.224,198.51.100.164
evt-email_addresses-000025,2026-06-01T12:46:59+00:00,ENG-LAB-027,user020,winword.exe,Email Address,admin+ticket53@university.example,IOC-EMAIL-571,10.3.212.16,203.0.113.74
evt-email_addresses-000026,2026-06-01T13:10:43+00:00,ENG-LAB-014,user076,reg.exe,Email Address,training+case87@example.invalid,IOC-EMAIL-887,10.0.58.175,198.51.100.139
evt-email_addresses-000027,2026-06-01T14:37:24+00:00,ENG-LAB-039,user023,msedge.exe,Email Address,helpdesk+808@lab.invalid,IOC-EMAIL-448,10.3.169.241,203.0.113.225
evt-email_addresses-000028,2026-06-01T15:02:06+00:00,ENG-LAB-043,user095,teams.exe,Email Address,it-support@example.example,IOC-EMAIL-970,10.0.119.222,203.0.113.59
evt-email_addresses-000029,2026-06-01T15:57:08+00:00,ENG-LAB-060,user070,chrome.exe,Email Address,security+ticket72@lab.invalid,IOC-EMAIL-124,10.3.93.72,203.0.113.53
evt-email_addresses-000030,2026-06-01T16:55:36+00:00,ENG-LAB-060,user063,reg.exe,Email Address,training@example.invalid,IOC-EMAIL-723,10.1.166.216,198.51.100.65
evt-email_addresses-000031,2026-06-01T18:14:14+00:00,ENG-LAB-055,user052,teams.exe,Email Address,admin+733@example.invalid,IOC-EMAIL-932,10.3.176.187,198.51.100.160
evt-email_addresses-000032,2026-06-01T18:26:25+00:00,ENG-LAB-026,user039,rundll32.exe,Email Address,alerts@university.example,IOC-EMAIL-921,10.0.47.163,203.0.113.2
evt-email_addresses-000033,2026-06-01T18:30:48+00:00,ENG-LAB-049,user011,winword.exe,Email Address,noreply+case61@lab.invalid,IOC-EMAIL-337,10.0.49.169,198.51.100.244
evt-email_addresses-000034,2026-06-01T19:21:12+00:00,ENG-LAB-020,user049,python.exe,Email Address,alerts+789@example.example,IOC-EMAIL-201,10.2.126.216,203.0.113.196
evt-email_addresses-000035,2026-06-01T20:01:06+00:00,ENG-LAB-021,user010,outlook.exe,Email Address,admin@example.invalid,IOC-EMAIL-856,10.3.167.104,198.51.100.36
evt-email_addresses-000036,2026-06-01T20:59:24+00:00,ENG-LAB-026,user060,teams.exe,Email Address,it-support+478@example.invalid,IOC-EMAIL-641,10.1.189.73,203.0.113.146
evt-email_addresses-000037,2026-06-01T21:04:06+00:00,ENG-LAB-001,user063,msedge.exe,Email Address,training@example.invalid,IOC-EMAIL-505,10.3.194.70,203.0.113.182
evt-email_addresses-000038,2026-06-01T21:20:25+00:00,ENG-LAB-026,user038,python.exe,Email Address,security@example.invalid,IOC-EMAIL-162,10.0.47.56,198.51.100.177
evt-email_addresses-000039,2026-06-01T21:27:34+00:00,ENG-LAB-048,user064,teams.exe,Email Address,alerts@lab.invalid,IOC-EMAIL-200,10.3.214.138,198.51.100.65
evt-email_addresses-000040,2026-06-01T23:14:38+00:00,ENG-LAB-011,user006,msedge.exe,Email Address,training@lab.invalid,IOC-EMAIL-816,10.3.109.131,203.0.113.48
evt-email_addresses-000041,2026-06-01T23:43:27+00:00,ENG-LAB-049,user081,svchost.exe,Email Address,billing@university.example,IOC-EMAIL-271,10.2.125.58,198.51.100.72
evt-email_addresses-000042,2026-06-02T00:55:02+00:00,ENG-LAB-002,user020,rundll32.exe,Email Address,helpdesk@example.invalid,IOC-EMAIL-846,10.3.73.68,203.0.113.34
evt-email_addresses-000043,2026-06-02T01:19:07+00:00,ENG-LAB-031,user007,teams.exe,Email Address,helpdesk@example.example,IOC-EMAIL-522,10.1.158.58,203.0.113.153
evt-email_addresses-000044,2026-06-02T01:44:07+00:00,ENG-LAB-034,user059,python.exe,Email Address,it-support@example.example,IOC-EMAIL-341,10.1.140.113,203.0.113.178
evt-email_addresses-000045,2026-06-02T03:15:47+00:00,ENG-LAB-049,user011,teams.exe,Email Address,security+289@example.example,IOC-EMAIL-351,10.0.126.149,198.51.100.137
evt-email_addresses-000046,2026-06-02T03:29:25+00:00,ENG-LAB-037,user095,python.exe,Email Address,soc+ticket47@example.invalid,IOC-EMAIL-502,10.1.220.202,198.51.100.239
evt-email_addresses-000047,2026-06-02T03:29:48+00:00,ENG-LAB-050,user044,winword.exe,Email Address,alerts@university.example,IOC-EMAIL-647,10.0.201.152,198.51.100.160
evt-email_addresses-000048,2026-06-02T04:17:06+00:00,ENG-LAB-025,user084,outlook.exe,Email Address,training+327@lab.invalid,IOC-EMAIL-840,10.0.54.200,203.0.113.73
evt-email_addresses-000049,2026-06-02T04:18:25+00:00,ENG-LAB-016,user006,reg.exe,Email Address,noreply@university.example,IOC-EMAIL-344,10.2.104.176,198.51.100.171
evt-email_addresses-000050,2026-06-02T04:27:56+00:00,ENG-LAB-024,user008,rundll32.exe,Email Address,it-support+859@example.invalid,IOC-EMAIL-951,10.3.109.139,198.51.100.85
evt-email_addresses-000051,2026-06-02T04:31:33+00:00,ENG-LAB-055,user082,chrome.exe,Email Address,soc+614@example.example,IOC-EMAIL-415,10.1.154.104,203.0.113.48
evt-email_addresses-000052,2026-06-02T05:18:06+00:00,ENG-LAB-004,user071,powershell.exe,Email Address,admin+ticket46@university.example,IOC-EMAIL-759,10.3.208.85,203.0.113.9
evt-email_addresses-000053,2026-06-02T06:36:05+00:00,ENG-LAB-058,user023,winword.exe,Email Address,security+ticket41@example.invalid,IOC-EMAIL-669,10.3.69.222,203.0.113.133
evt-email_addresses-000054,2026-06-02T06:49:07+00:00,ENG-LAB-010,user032,rundll32.exe,Email Address,helpdesk+554@lab.invalid,IOC-EMAIL-302,10.0.119.222,203.0.113.247
evt-email_addresses-000055,2026-06-02T08:34:45+00:00,ENG-LAB-012,user023,powershell.exe,Email Address,billing@example.invalid,IOC-EMAIL-205,10.0.117.211,198.51.100.136
evt-email_addresses-000056,2026-06-02T09:25:48+00:00,ENG-LAB-005,user052,powershell.exe,Email Address,research+demo61@example.example,IOC-EMAIL-792,10.0.216.9,203.0.113.243
evt-email_addresses-000057,2026-06-02T10:13:29+00:00,ENG-LAB-020,user051,svchost.exe,Email Address,it-support+ticket13@example.invalid,IOC-EMAIL-414,10.3.185.57,198.51.100.191
evt-email_addresses-000058,2026-06-02T14:47:43+00:00,ENG-LAB-002,user084,powershell.exe,Email Address,alerts+ticket60@lab.invalid,IOC-EMAIL-191,10.2.4.171,198.51.100.96
evt-email_addresses-000059,2026-06-02T15:11:15+00:00,ENG-LAB-036,user011,chrome.exe,Email Address,billing+969@example.invalid,IOC-EMAIL-408,10.3.109.131,198.51.100.243
evt-email_addresses-000060,2026-06-02T15:24:20+00:00,ENG-LAB-010,user082,outlook.exe,Email Address,security+ticket55@example.example,IOC-EMAIL-933,10.2.35.226,203.0.113.62
evt-email_addresses-000061,2026-06-02T15:31:57+00:00,ENG-LAB-014,user093,rundll32.exe,Email Address,noreply@example.invalid,IOC-EMAIL-667,10.3.108.238,198.51.100.203
evt-email_addresses-000062,2026-06-02T15:34:14+00:00,ENG-LAB-060,user070,python.exe,Email Address,admin@example.invalid,IOC-EMAIL-149,10.1.40.22,203.0.113.152
evt-email_addresses-000063,2026-06-02T15:51:50+00:00,ENG-LAB-058,user040,teams.exe,Email Address,admin+353@example.invalid,IOC-EMAIL-505,10.3.0.134,198.51.100.222
evt-email_addresses-000064,2026-06-02T16:04:35+00:00,ENG-LAB-051,user046,python.exe,Email Address,billing+455@example.invalid,IOC-EMAIL-452,10.2.111.248,198.51.100.25
evt-email_addresses-000065,2026-06-02T16:22:29+00:00,ENG-LAB-055,user007,rundll32.exe,Email Address,soc+demo63@example.example,IOC-EMAIL-810,10.3.174.72,198.51.100.155
evt-email_addresses-000066,2026-06-02T16:31:10+00:00,ENG-LAB-028,user063,rundll32.exe,Email Address,security+680@lab.invalid,IOC-EMAIL-181,10.0.155.74,198.51.100.251
evt-email_addresses-000067,2026-06-02T19:11:11+00:00,ENG-LAB-022,user037,svchost.exe,Email Address,alerts+845@university.example,IOC-EMAIL-648,10.1.140.113,198.51.100.212
evt-email_addresses-000068,2026-06-02T19:36:20+00:00,ENG-LAB-051,user062,msedge.exe,Email Address,alerts+case72@example.invalid,IOC-EMAIL-909,10.1.83.250,203.0.113.60
evt-email_addresses-000069,2026-06-02T19:39:28+00:00,ENG-LAB-049,user009,outlook.exe,Email Address,training@example.invalid,IOC-EMAIL-863,10.1.148.253,198.51.100.168
evt-email_addresses-000070,2026-06-02T19:58:42+00:00,ENG-LAB-011,user075,chrome.exe,Email Address,admin+demo66@lab.invalid,IOC-EMAIL-470,10.0.216.9,203.0.113.19
evt-email_addresses-000071,2026-06-02T23:25:37+00:00,ENG-LAB-015,user049,chrome.exe,Email Address,it-support@example.invalid,IOC-EMAIL-529,10.1.13.144,198.51.100.224
evt-email_addresses-000072,2026-06-02T23:34:43+00:00,ENG-LAB-050,user031,svchost.exe,Email Address,soc@lab.invalid,IOC-EMAIL-803,10.0.125.252,198.51.100.54
evt-email_addresses-000073,2026-06-03T01:08:07+00:00,ENG-LAB-017,user016,reg.exe,Email Address,training+case10@lab.invalid,IOC-EMAIL-123,10.2.63.185,198.51.100.235
evt-email_addresses-000074,2026-06-03T01:14:27+00:00,ENG-LAB-032,user013,svchost.exe,Email Address,alerts@university.example,IOC-EMAIL-155,10.2.111.248,198.51.100.16
evt-email_addresses-000075,2026-06-03T03:26:08+00:00,ENG-LAB-021,user058,winword.exe,Email Address,billing+demo61@example.invalid,IOC-EMAIL-731,10.3.127.69,198.51.100.50
evt-email_addresses-000076,2026-06-03T04:37:00+00:00,ENG-LAB-021,user081,chrome.exe,Email Address,helpdesk+demo30@example.invalid,IOC-EMAIL-929,10.2.91.130,203.0.113.139
evt-email_addresses-000077,2026-06-03T05:21:31+00:00,ENG-LAB-021,user040,winword.exe,Email Address,noreply+demo71@university.example,IOC-EMAIL-116,10.3.93.13,203.0.113.96
evt-email_addresses-000078,2026-06-03T05:40:32+00:00,ENG-LAB-050,user018,chrome.exe,Email Address,training+demo92@university.example,IOC-EMAIL-107,10.1.135.34,203.0.113.199
evt-email_addresses-000079,2026-06-03T05:52:54+00:00,ENG-LAB-029,user025,chrome.exe,Email Address,billing+874@university.example,IOC-EMAIL-512,10.0.152.216,198.51.100.178
evt-email_addresses-000080,2026-06-03T06:32:30+00:00,ENG-LAB-024,user030,reg.exe,Email Address,it-support@university.example,IOC-EMAIL-533,10.3.181.109,203.0.113.243
evt-email_addresses-000081,2026-06-03T08:44:51+00:00,ENG-LAB-001,user063,python.exe,Email Address,billing@university.example,IOC-EMAIL-661,10.1.134.42,203.0.113.50
evt-email_addresses-000082,2026-06-03T08:56:58+00:00,ENG-LAB-044,user003,chrome.exe,Email Address,billing+case67@example.invalid,IOC-EMAIL-761,10.1.243.116,198.51.100.121
evt-email_addresses-000083,2026-06-03T10:13:27+00:00,ENG-LAB-011,user008,outlook.exe,Email Address,research+ticket57@university.example,IOC-EMAIL-731,10.2.91.149,203.0.113.191
evt-email_addresses-000084,2026-06-03T10:25:14+00:00,ENG-LAB-042,user069,chrome.exe,Email Address,training+case92@example.invalid,IOC-EMAIL-379,10.1.186.111,198.51.100.20
evt-email_addresses-000085,2026-06-03T10:52:13+00:00,ENG-LAB-014,user002,winword.exe,Email Address,security@example.invalid,IOC-EMAIL-324,10.0.185.225,203.0.113.130
evt-email_addresses-000086,2026-06-03T12:35:02+00:00,ENG-LAB-007,user050,msedge.exe,Email Address,training+case62@example.invalid,IOC-EMAIL-458,10.3.69.222,198.51.100.39
evt-email_addresses-000087,2026-06-03T13:35:18+00:00,ENG-LAB-047,user063,python.exe,Email Address,it-support+806@lab.invalid,IOC-EMAIL-891,10.0.146.61,198.51.100.190
evt-email_addresses-000088,2026-06-03T16:20:08+00:00,ENG-LAB-008,user037,reg.exe,Email Address,it-support+demo12@university.example,IOC-EMAIL-706,10.0.42.165,203.0.113.153
evt-email_addresses-000089,2026-06-03T16:58:22+00:00,ENG-LAB-019,user007,msedge.exe,Email Address,soc@example.invalid,IOC-EMAIL-184,10.3.135.238,203.0.113.112
evt-email_addresses-000090,2026-06-03T18:06:37+00:00,ENG-LAB-005,user046,chrome.exe,Email Address,it-support+842@example.invalid,IOC-EMAIL-597,10.2.133.53,203.0.113.140
evt-email_addresses-000091,2026-06-03T18:33:36+00:00,ENG-LAB-016,user075,msedge.exe,Email Address,it-support@university.example,IOC-EMAIL-354,10.0.142.90,203.0.113.65
evt-email_addresses-000092,2026-06-03T19:06:03+00:00,ENG-LAB-015,user035,outlook.exe,Email Address,alerts@example.invalid,IOC-EMAIL-358,10.1.126.191,198.51.100.54
evt-email_addresses-000093,2026-06-03T19:34:06+00:00,ENG-LAB-043,user091,teams.exe,Email Address,admin+688@example.invalid,IOC-EMAIL-892,10.0.185.225,198.51.100.26
evt-email_addresses-000094,2026-06-03T20:28:34+00:00,ENG-LAB-026,user037,winword.exe,Email Address,security+810@example.invalid,IOC-EMAIL-889,10.3.142.208,198.51.100.162
evt-email_addresses-000095,2026-06-03T20:59:53+00:00,ENG-LAB-051,user035,outlook.exe,Email Address,soc+107@lab.invalid,IOC-EMAIL-265,10.2.63.185,203.0.113.30
evt-email_addresses-000096,2026-06-03T22:16:49+00:00,ENG-LAB-015,user041,msedge.exe,Email Address,security+898@university.example,IOC-EMAIL-808,10.2.75.111,203.0.113.212
evt-email_addresses-000097,2026-06-03T23:00:57+00:00,ENG-LAB-026,user024,outlook.exe,Email Address,research@example.invalid,IOC-EMAIL-570,10.3.169.241,203.0.113.131
evt-email_addresses-000098,2026-06-03T23:35:12+00:00,ENG-LAB-023,user009,svchost.exe,Email Address,it-support+558@university.example,IOC-EMAIL-473,10.1.214.57,203.0.113.37
evt-email_addresses-000099,2026-06-03T23:59:02+00:00,ENG-LAB-009,user070,outlook.exe,Email Address,security@example.invalid,IOC-EMAIL-169,10.2.63.185,198.51.100.161
evt-email_addresses-000100,2026-06-04T00:00:58+00:00,ENG-LAB-049,user038,winword.exe,Email Address,soc@university.example,IOC-EMAIL-425,10.2.219.230,198.51.100.179
evt-email_addresses-000101,2026-06-04T00:50:20+00:00,ENG-LAB-016,user098,powershell.exe,Email Address,admin+315@example.example,IOC-EMAIL-923,10.3.218.144,203.0.113.193
evt-email_addresses-000102,2026-06-04T01:52:01+00:00,ENG-LAB-039,user034,svchost.exe,Email Address,security@example.invalid,IOC-EMAIL-805,10.2.122.15,198.51.100.139
evt-email_addresses-000103,2026-06-04T02:14:29+00:00,ENG-LAB-015,user046,winword.exe,Email Address,alerts+demo54@university.example,IOC-EMAIL-419,10.3.128.249,198.51.100.233
evt-email_addresses-000104,2026-06-04T02:39:15+00:00,ENG-LAB-024,user100,teams.exe,Email Address,noreply@example.example,IOC-EMAIL-372,10.0.152.216,203.0.113.198
evt-email_addresses-000105,2026-06-04T02:39:58+00:00,ENG-LAB-032,user090,msedge.exe,Email Address,training@university.example,IOC-EMAIL-318,10.2.104.176,203.0.113.244
evt-email_addresses-000106,2026-06-04T02:46:20+00:00,ENG-LAB-060,user055,powershell.exe,Email Address,helpdesk+906@lab.invalid,IOC-EMAIL-975,10.0.152.216,203.0.113.64
evt-email_addresses-000107,2026-06-04T02:52:01+00:00,ENG-LAB-017,user022,reg.exe,Email Address,helpdesk+428@example.invalid,IOC-EMAIL-782,10.0.216.9,203.0.113.37
evt-email_addresses-000108,2026-06-04T03:03:17+00:00,ENG-LAB-004,user025,powershell.exe,Email Address,it-support+case83@lab.invalid,IOC-EMAIL-164,10.2.29.13,198.51.100.100
evt-email_addresses-000109,2026-06-04T04:13:06+00:00,ENG-LAB-038,user082,msedge.exe,Email Address,helpdesk@example.example,IOC-EMAIL-343,10.3.25.143,198.51.100.177
evt-email_addresses-000110,2026-06-04T04:36:26+00:00,ENG-LAB-036,user060,reg.exe,Email Address,admin+389@university.example,IOC-EMAIL-416,10.2.91.149,198.51.100.87
evt-email_addresses-000111,2026-06-04T04:48:08+00:00,ENG-LAB-009,user018,outlook.exe,Email Address,billing+245@example.invalid,IOC-EMAIL-132,10.1.85.105,203.0.113.119
evt-email_addresses-000112,2026-06-04T05:28:44+00:00,ENG-LAB-002,user080,reg.exe,Email Address,billing+case95@example.invalid,IOC-EMAIL-559,10.0.42.165,203.0.113.118
evt-email_addresses-000113,2026-06-04T05:56:31+00:00,ENG-LAB-027,user027,reg.exe,Email Address,it-support@university.example,IOC-EMAIL-977,10.1.55.98,198.51.100.193
evt-email_addresses-000114,2026-06-04T07:01:52+00:00,ENG-LAB-015,user098,outlook.exe,Email Address,research@example.invalid,IOC-EMAIL-977,10.1.126.191,203.0.113.95
evt-email_addresses-000115,2026-06-04T07:17:24+00:00,ENG-LAB-005,user001,rundll32.exe,Email Address,security+866@example.example,IOC-EMAIL-322,10.0.185.225,203.0.113.187
evt-email_addresses-000116,2026-06-04T07:19:51+00:00,ENG-LAB-025,user049,msedge.exe,Email Address,admin+demo98@example.invalid,IOC-EMAIL-443,10.3.169.241,203.0.113.142
evt-email_addresses-000117,2026-06-04T07:30:08+00:00,ENG-LAB-016,user041,outlook.exe,Email Address,training+522@lab.invalid,IOC-EMAIL-414,10.2.135.207,203.0.113.158
evt-email_addresses-000118,2026-06-04T09:00:21+00:00,ENG-LAB-033,user009,powershell.exe,Email Address,research+demo39@example.invalid,IOC-EMAIL-424,10.1.154.104,203.0.113.21
evt-email_addresses-000119,2026-06-04T10:44:56+00:00,ENG-LAB-011,user030,rundll32.exe,Email Address,research@lab.invalid,IOC-EMAIL-157,10.3.174.72,198.51.100.109
evt-email_addresses-000120,2026-06-04T11:33:56+00:00,ENG-LAB-052,user084,msedge.exe,Email Address,admin+demo28@university.example,IOC-EMAIL-548,10.3.173.205,203.0.113.33
evt-email_addresses-000121,2026-06-04T11:50:18+00:00,ENG-LAB-051,user038,reg.exe,Email Address,research+case95@example.invalid,IOC-EMAIL-890,10.3.239.222,203.0.113.217
evt-email_addresses-000122,2026-06-04T12:05:51+00:00,ENG-LAB-024,user084,svchost.exe,Email Address,security@example.invalid,IOC-EMAIL-973,10.0.193.21,203.0.113.59
evt-email_addresses-000123,2026-06-04T12:26:08+00:00,ENG-LAB-058,user026,teams.exe,Email Address,training@lab.invalid,IOC-EMAIL-748,10.3.67.172,203.0.113.129
evt-email_addresses-000124,2026-06-04T12:30:11+00:00,ENG-LAB-050,user098,reg.exe,Email Address,billing@example.invalid,IOC-EMAIL-231,10.1.83.250,203.0.113.231
evt-email_addresses-000125,2026-06-04T12:40:42+00:00,ENG-LAB-033,user021,winword.exe,Email Address,admin+case65@example.example,IOC-EMAIL-834,10.1.220.202,203.0.113.79
evt-email_addresses-000126,2026-06-04T13:33:41+00:00,ENG-LAB-030,user083,reg.exe,Email Address,it-support+ticket73@example.invalid,IOC-EMAIL-862,10.2.47.210,198.51.100.27
evt-email_addresses-000127,2026-06-04T13:58:26+00:00,ENG-LAB-053,user015,outlook.exe,Email Address,admin+ticket16@lab.invalid,IOC-EMAIL-416,10.1.65.169,198.51.100.114
evt-email_addresses-000128,2026-06-04T14:43:27+00:00,ENG-LAB-055,user010,teams.exe,Email Address,research+ticket74@university.example,IOC-EMAIL-347,10.0.98.103,203.0.113.133
evt-email_addresses-000129,2026-06-04T14:54:37+00:00,ENG-LAB-048,user068,winword.exe,Email Address,admin+932@university.example,IOC-EMAIL-904,10.3.142.208,203.0.113.135
evt-email_addresses-000130,2026-06-04T15:19:00+00:00,ENG-LAB-054,user006,winword.exe,Email Address,soc+564@example.example,IOC-EMAIL-295,10.1.55.98,198.51.100.86
evt-email_addresses-000131,2026-06-04T16:15:21+00:00,ENG-LAB-026,user092,rundll32.exe,Email Address,admin+643@example.invalid,IOC-EMAIL-812,10.3.79.237,203.0.113.33
evt-email_addresses-000132,2026-06-04T16:31:14+00:00,ENG-LAB-046,user097,python.exe,Email Address,security@university.example,IOC-EMAIL-285,10.1.0.154,203.0.113.221
evt-email_addresses-000133,2026-06-04T16:35:18+00:00,ENG-LAB-055,user032,reg.exe,Email Address,soc@example.invalid,IOC-EMAIL-706,10.0.79.70,203.0.113.68
evt-email_addresses-000134,2026-06-04T17:07:20+00:00,ENG-LAB-049,user013,powershell.exe,Email Address,alerts+340@university.example,IOC-EMAIL-784,10.0.152.216,203.0.113.202
evt-email_addresses-000135,2026-06-04T19:07:02+00:00,ENG-LAB-060,user034,msedge.exe,Email Address,it-support+case33@university.example,IOC-EMAIL-983,10.3.61.64,198.51.100.204
evt-email_addresses-000136,2026-06-04T19:50:04+00:00,ENG-LAB-011,user026,rundll32.exe,Email Address,billing+640@example.invalid,IOC-EMAIL-987,10.0.216.9,203.0.113.184
evt-email_addresses-000137,2026-06-04T20:45:03+00:00,ENG-LAB-060,user020,chrome.exe,Email Address,it-support@lab.invalid,IOC-EMAIL-708,10.3.135.238,198.51.100.146
evt-email_addresses-000138,2026-06-04T21:00:43+00:00,ENG-LAB-054,user045,powershell.exe,Email Address,helpdesk+demo51@example.invalid,IOC-EMAIL-203,10.2.35.226,203.0.113.60
evt-email_addresses-000139,2026-06-04T21:06:10+00:00,ENG-LAB-059,user046,teams.exe,Email Address,it-support+424@university.example,IOC-EMAIL-117,10.2.53.241,203.0.113.42
evt-email_addresses-000140,2026-06-04T22:25:50+00:00,ENG-LAB-005,user048,outlook.exe,Email Address,alerts@example.invalid,IOC-EMAIL-778,10.0.161.103,198.51.100.111
evt-email_addresses-000141,2026-06-04T23:11:00+00:00,ENG-LAB-019,user047,rundll32.exe,Email Address,soc@example.invalid,IOC-EMAIL-900,10.2.29.13,203.0.113.116
evt-email_addresses-000142,2026-06-04T23:58:06+00:00,ENG-LAB-054,user055,teams.exe,Email Address,billing+ticket44@lab.invalid,IOC-EMAIL-312,10.2.158.171,198.51.100.185
evt-email_addresses-000143,2026-06-05T00:44:00+00:00,ENG-LAB-058,user011,powershell.exe,Email Address,helpdesk@example.invalid,IOC-EMAIL-548,10.0.47.238,198.51.100.148
evt-email_addresses-000144,2026-06-05T02:14:02+00:00,ENG-LAB-028,user049,msedge.exe,Email Address,it-support+931@lab.invalid,IOC-EMAIL-779,10.3.109.139,198.51.100.66
evt-email_addresses-000145,2026-06-05T03:14:29+00:00,ENG-LAB-002,user021,python.exe,Email Address,it-support+demo15@lab.invalid,IOC-EMAIL-531,10.0.42.165,198.51.100.79
evt-email_addresses-000146,2026-06-05T03:31:46+00:00,ENG-LAB-014,user082,chrome.exe,Email Address,training@university.example,IOC-EMAIL-640,10.1.170.201,203.0.113.175
evt-email_addresses-000147,2026-06-05T03:32:38+00:00,ENG-LAB-050,user035,msedge.exe,Email Address,admin+570@example.invalid,IOC-EMAIL-308,10.3.141.12,203.0.113.176
evt-email_addresses-000148,2026-06-05T04:53:26+00:00,ENG-LAB-054,user059,powershell.exe,Email Address,security+case53@example.example,IOC-EMAIL-386,10.2.133.53,198.51.100.42
evt-email_addresses-000149,2026-06-05T08:25:54+00:00,ENG-LAB-020,user020,chrome.exe,Email Address,admin+case52@lab.invalid,IOC-EMAIL-198,10.1.130.12,198.51.100.127
evt-email_addresses-000150,2026-06-05T09:14:18+00:00,ENG-LAB-041,user091,reg.exe,Email Address,helpdesk+217@example.invalid,IOC-EMAIL-444,10.2.75.111,198.51.100.156
evt-email_addresses-000151,2026-06-05T09:56:02+00:00,ENG-LAB-057,user080,outlook.exe,Email Address,alerts@university.example,IOC-EMAIL-257,10.1.65.169,198.51.100.9
evt-email_addresses-000152,2026-06-05T12:03:33+00:00,ENG-LAB-028,user094,outlook.exe,Email Address,soc+case63@example.example,IOC-EMAIL-768,10.0.216.9,198.51.100.248
evt-email_addresses-000153,2026-06-05T14:09:12+00:00,ENG-LAB-034,user053,python.exe,Email Address,research+demo85@example.invalid,IOC-EMAIL-117,10.0.240.57,198.51.100.144
evt-email_addresses-000154,2026-06-05T14:12:36+00:00,ENG-LAB-016,user097,reg.exe,Email Address,it-support@example.example,IOC-EMAIL-513,10.0.57.20,198.51.100.19
evt-email_addresses-000155,2026-06-05T16:29:36+00:00,ENG-LAB-012,user094,chrome.exe,Email Address,helpdesk+468@example.example,IOC-EMAIL-134,10.0.59.225,198.51.100.226
evt-email_addresses-000156,2026-06-05T17:20:09+00:00,ENG-LAB-053,user054,reg.exe,Email Address,security+857@example.invalid,IOC-EMAIL-321,10.3.73.68,203.0.113.68
evt-email_addresses-000157,2026-06-05T17:42:23+00:00,ENG-LAB-024,user100,python.exe,Email Address,research+743@example.invalid,IOC-EMAIL-249,10.1.78.96,203.0.113.230
evt-email_addresses-000158,2026-06-05T17:45:53+00:00,ENG-LAB-060,user035,outlook.exe,Email Address,it-support@example.invalid,IOC-EMAIL-996,10.2.19.28,203.0.113.205
evt-email_addresses-000159,2026-06-05T18:25:20+00:00,ENG-LAB-013,user010,reg.exe,Email Address,training+364@example.invalid,IOC-EMAIL-812,10.2.20.231,198.51.100.36
evt-email_addresses-000160,2026-06-05T19:52:45+00:00,ENG-LAB-030,user027,reg.exe,Email Address,admin@example.invalid,IOC-EMAIL-451,10.1.140.113,198.51.100.154
evt-email_addresses-000161,2026-06-05T20:14:02+00:00,ENG-LAB-044,user045,reg.exe,Email Address,research@example.invalid,IOC-EMAIL-204,10.2.65.50,198.51.100.201
evt-email_addresses-000162,2026-06-05T21:19:22+00:00,ENG-LAB-050,user019,outlook.exe,Email Address,admin+364@university.example,IOC-EMAIL-994,10.2.142.222,198.51.100.121
evt-email_addresses-000163,2026-06-05T22:12:50+00:00,ENG-LAB-027,user086,powershell.exe,Email Address,alerts+272@example.example,IOC-EMAIL-770,10.2.223.156,198.51.100.103
evt-email_addresses-000164,2026-06-05T22:14:02+00:00,ENG-LAB-005,user033,python.exe,Email Address,security@example.example,IOC-EMAIL-206,10.1.135.34,203.0.113.6
evt-email_addresses-000165,2026-06-05T22:20:44+00:00,ENG-LAB-010,user019,powershell.exe,Email Address,research+512@example.invalid,IOC-EMAIL-117,10.1.75.7,203.0.113.55
evt-email_addresses-000166,2026-06-05T22:31:44+00:00,ENG-LAB-023,user066,teams.exe,Email Address,billing@university.example,IOC-EMAIL-681,10.1.3.19,203.0.113.108
evt-email_addresses-000167,2026-06-06T00:28:30+00:00,ENG-LAB-013,user005,teams.exe,Email Address,security@university.example,IOC-EMAIL-378,10.1.130.12,203.0.113.219
evt-email_addresses-000168,2026-06-06T03:39:36+00:00,ENG-LAB-057,user035,reg.exe,Email Address,noreply+demo41@example.invalid,IOC-EMAIL-117,10.0.98.103,198.51.100.135
evt-email_addresses-000169,2026-06-06T03:48:36+00:00,ENG-LAB-045,user016,winword.exe,Email Address,noreply+416@example.example,IOC-EMAIL-641,10.2.47.210,198.51.100.102
evt-email_addresses-000170,2026-06-06T04:25:41+00:00,ENG-LAB-012,user047,powershell.exe,Email Address,admin+case42@example.invalid,IOC-EMAIL-487,10.2.33.55,198.51.100.154
evt-email_addresses-000171,2026-06-06T04:36:23+00:00,ENG-LAB-057,user014,msedge.exe,Email Address,training+case14@example.invalid,IOC-EMAIL-455,10.3.25.143,203.0.113.16
evt-email_addresses-000172,2026-06-06T04:43:34+00:00,ENG-LAB-051,user047,chrome.exe,Email Address,admin@example.invalid,IOC-EMAIL-265,10.0.197.231,198.51.100.59
evt-email_addresses-000173,2026-06-06T05:33:37+00:00,ENG-LAB-021,user028,chrome.exe,Email Address,admin+204@university.example,IOC-EMAIL-521,10.0.169.160,198.51.100.155
evt-email_addresses-000174,2026-06-06T06:00:28+00:00,ENG-LAB-053,user085,python.exe,Email Address,admin+109@university.example,IOC-EMAIL-678,10.0.161.103,198.51.100.39
evt-email_addresses-000175,2026-06-06T06:34:34+00:00,ENG-LAB-015,user041,chrome.exe,Email Address,soc@university.example,IOC-EMAIL-950,10.0.194.72,198.51.100.243
evt-email_addresses-000176,2026-06-06T06:42:35+00:00,ENG-LAB-059,user066,outlook.exe,Email Address,soc+294@lab.invalid,IOC-EMAIL-931,10.2.135.207,198.51.100.104
evt-email_addresses-000177,2026-06-06T07:31:19+00:00,ENG-LAB-015,user044,teams.exe,Email Address,research@example.invalid,IOC-EMAIL-612,10.1.170.201,198.51.100.159
evt-email_addresses-000178,2026-06-06T08:48:14+00:00,ENG-LAB-016,user034,winword.exe,Email Address,it-support+237@example.invalid,IOC-EMAIL-928,10.2.126.216,203.0.113.124
evt-email_addresses-000179,2026-06-06T10:55:31+00:00,ENG-LAB-010,user013,python.exe,Email Address,soc+825@lab.invalid,IOC-EMAIL-154,10.0.235.138,203.0.113.104
evt-email_addresses-000180,2026-06-06T11:01:27+00:00,ENG-LAB-024,user073,rundll32.exe,Email Address,admin+ticket61@example.invalid,IOC-EMAIL-502,10.3.67.172,198.51.100.223
evt-email_addresses-000181,2026-06-06T11:10:53+00:00,ENG-LAB-036,user083,msedge.exe,Email Address,noreply+ticket22@example.invalid,IOC-EMAIL-736,10.2.107.175,198.51.100.112
evt-email_addresses-000182,2026-06-06T11:58:58+00:00,ENG-LAB-036,user001,python.exe,Email Address,soc@example.invalid,IOC-EMAIL-676,10.0.81.179,198.51.100.126
evt-email_addresses-000183,2026-06-06T13:03:58+00:00,ENG-LAB-024,user088,teams.exe,Email Address,it-support+ticket88@lab.invalid,IOC-EMAIL-250,10.2.52.24,203.0.113.186
evt-email_addresses-000184,2026-06-06T13:17:54+00:00,ENG-LAB-015,user023,python.exe,Email Address,billing+ticket60@example.invalid,IOC-EMAIL-993,10.1.170.201,198.51.100.59
evt-email_addresses-000185,2026-06-06T13:57:37+00:00,ENG-LAB-021,user040,rundll32.exe,Email Address,it-support+550@example.invalid,IOC-EMAIL-371,10.0.235.138,198.51.100.110
evt-email_addresses-000186,2026-06-06T15:47:00+00:00,ENG-LAB-012,user071,outlook.exe,Email Address,alerts+demo12@example.invalid,IOC-EMAIL-562,10.2.35.226,198.51.100.168
evt-email_addresses-000187,2026-06-06T16:24:14+00:00,ENG-LAB-036,user059,powershell.exe,Email Address,it-support@university.example,IOC-EMAIL-121,10.0.95.18,198.51.100.185
evt-email_addresses-000188,2026-06-06T17:31:44+00:00,ENG-LAB-023,user023,teams.exe,Email Address,helpdesk@example.example,IOC-EMAIL-852,10.0.201.152,203.0.113.57
evt-email_addresses-000189,2026-06-06T18:19:52+00:00,ENG-LAB-023,user044,powershell.exe,Email Address,billing+case62@example.invalid,IOC-EMAIL-279,10.3.84.216,198.51.100.82
evt-email_addresses-000190,2026-06-06T18:52:34+00:00,ENG-LAB-016,user075,reg.exe,Email Address,helpdesk+279@example.example,IOC-EMAIL-124,10.1.18.214,198.51.100.213
evt-email_addresses-000191,2026-06-06T19:06:58+00:00,ENG-LAB-033,user093,powershell.exe,Email Address,billing+921@university.example,IOC-EMAIL-597,10.0.117.18,198.51.100.68
evt-email_addresses-000192,2026-06-06T19:12:16+00:00,ENG-LAB-005,user091,reg.exe,Email Address,noreply+487@example.invalid,IOC-EMAIL-135,10.1.166.216,198.51.100.66
evt-email_addresses-000193,2026-06-06T19:43:32+00:00,ENG-LAB-049,user011,python.exe,Email Address,helpdesk@example.invalid,IOC-EMAIL-908,10.0.126.149,198.51.100.145
evt-email_addresses-000194,2026-06-06T20:33:49+00:00,ENG-LAB-001,user041,winword.exe,Email Address,alerts+demo63@example.invalid,IOC-EMAIL-521,10.0.170.198,203.0.113.30
evt-email_addresses-000195,2026-06-06T20:47:51+00:00,ENG-LAB-018,user081,teams.exe,Email Address,helpdesk+540@university.example,IOC-EMAIL-144,10.1.85.105,203.0.113.147
evt-email_addresses-000196,2026-06-06T21:50:00+00:00,ENG-LAB-023,user004,python.exe,Email Address,security@example.invalid,IOC-EMAIL-890,10.0.56.40,203.0.113.243
evt-email_addresses-000197,2026-06-06T22:21:37+00:00,ENG-LAB-057,user083,reg.exe,Email Address,billing@example.invalid,IOC-EMAIL-299,10.3.214.138,198.51.100.123
evt-email_addresses-000198,2026-06-07T00:55:15+00:00,ENG-LAB-055,user001,msedge.exe,Email Address,research+case41@university.example,IOC-EMAIL-290,10.0.58.175,203.0.113.14
evt-email_addresses-000199,2026-06-07T03:05:36+00:00,ENG-LAB-050,user050,winword.exe,Email Address,helpdesk@lab.invalid,IOC-EMAIL-347,10.0.12.190,198.51.100.185
evt-email_addresses-000200,2026-06-07T03:36:09+00:00,ENG-LAB-042,user006,winword.exe,Email Address,billing+case27@example.example,IOC-EMAIL-462,10.2.142.222,198.51.100.54
evt-email_addresses-000201,2026-06-07T03:50:34+00:00,ENG-LAB-042,user070,winword.exe,Email Address,it-support@university.example,IOC-EMAIL-454,10.2.223.156,203.0.113.165
evt-email_addresses-000202,2026-06-07T04:31:51+00:00,ENG-LAB-049,user013,rundll32.exe,Email Address,billing@university.example,IOC-EMAIL-649,10.1.252.24,203.0.113.4
evt-email_addresses-000203,2026-06-07T05:20:42+00:00,ENG-LAB-031,user050,chrome.exe,Email Address,admin+demo19@example.example,IOC-EMAIL-361,10.0.197.231,203.0.113.105
evt-email_addresses-000204,2026-06-07T07:40:26+00:00,ENG-LAB-027,user004,rundll32.exe,Email Address,alerts@example.invalid,IOC-EMAIL-484,10.0.169.160,198.51.100.57
evt-email_addresses-000205,2026-06-07T07:42:21+00:00,ENG-LAB-032,user086,python.exe,Email Address,helpdesk+201@university.example,IOC-EMAIL-430,10.3.30.43,198.51.100.131
evt-email_addresses-000206,2026-06-07T08:11:58+00:00,ENG-LAB-004,user083,chrome.exe,Email Address,billing+540@example.invalid,IOC-EMAIL-934,10.0.197.98,198.51.100.163
evt-email_addresses-000207,2026-06-07T08:21:05+00:00,ENG-LAB-052,user093,powershell.exe,Email Address,it-support@example.invalid,IOC-EMAIL-983,10.3.142.208,203.0.113.61
evt-email_addresses-000208,2026-06-07T09:00:16+00:00,ENG-LAB-003,user040,svchost.exe,Email Address,soc+demo71@example.invalid,IOC-EMAIL-650,10.3.35.251,203.0.113.54
evt-email_addresses-000209,2026-06-07T09:13:51+00:00,ENG-LAB-030,user058,teams.exe,Email Address,training+932@university.example,IOC-EMAIL-820,10.3.109.139,203.0.113.37
evt-email_addresses-000210,2026-06-07T10:16:44+00:00,ENG-LAB-028,user091,teams.exe,Email Address,soc@example.invalid,IOC-EMAIL-987,10.1.40.22,198.51.100.116
evt-email_addresses-000211,2026-06-07T11:13:04+00:00,ENG-LAB-005,user070,outlook.exe,Email Address,security+229@lab.invalid,IOC-EMAIL-196,10.3.108.238,198.51.100.254
evt-email_addresses-000212,2026-06-07T11:52:15+00:00,ENG-LAB-029,user064,reg.exe,Email Address,it-support@example.example,IOC-EMAIL-197,10.0.240.57,203.0.113.100
evt-email_addresses-000213,2026-06-07T12:42:49+00:00,ENG-LAB-049,user033,outlook.exe,Email Address,billing+case83@example.invalid,IOC-EMAIL-551,10.2.107.184,203.0.113.201
evt-email_addresses-000214,2026-06-07T12:59:36+00:00,ENG-LAB-037,user023,teams.exe,Email Address,it-support@example.invalid,IOC-EMAIL-906,10.0.216.9,198.51.100.57
evt-email_addresses-000215,2026-06-07T13:07:07+00:00,ENG-LAB-059,user096,winword.exe,Email Address,alerts@university.example,IOC-EMAIL-282,10.0.57.20,203.0.113.241
evt-email_addresses-000216,2026-06-07T16:31:54+00:00,ENG-LAB-020,user036,rundll32.exe,Email Address,security+595@example.invalid,IOC-EMAIL-663,10.1.220.202,203.0.113.1
evt-email_addresses-000217,2026-06-07T18:43:57+00:00,ENG-LAB-001,user014,teams.exe,Email Address,training+481@university.example,IOC-EMAIL-643,10.3.30.43,203.0.113.135
evt-email_addresses-000218,2026-06-07T19:02:50+00:00,ENG-LAB-010,user024,outlook.exe,Email Address,it-support@example.invalid,IOC-EMAIL-371,10.2.248.161,198.51.100.77
evt-email_addresses-000219,2026-06-07T19:37:26+00:00,ENG-LAB-054,user034,chrome.exe,Email Address,noreply+ticket51@example.invalid,IOC-EMAIL-227,10.3.174.72,203.0.113.97
evt-email_addresses-000220,2026-06-07T19:46:28+00:00,ENG-LAB-012,user071,reg.exe,Email Address,helpdesk@university.example,IOC-EMAIL-703,10.3.65.252,203.0.113.129
evt-email_addresses-000221,2026-06-07T19:55:06+00:00,ENG-LAB-018,user061,svchost.exe,Email Address,training+ticket41@example.example,IOC-EMAIL-355,10.2.35.226,198.51.100.181
evt-email_addresses-000222,2026-06-07T19:58:02+00:00,ENG-LAB-029,user054,reg.exe,Email Address,it-support+503@university.example,IOC-EMAIL-239,10.1.52.174,203.0.113.229
evt-email_addresses-000223,2026-06-07T20:01:54+00:00,ENG-LAB-046,user052,teams.exe,Email Address,soc+demo77@lab.invalid,IOC-EMAIL-539,10.3.1.253,203.0.113.199
evt-email_addresses-000224,2026-06-07T21:05:41+00:00,ENG-LAB-039,user049,powershell.exe,Email Address,noreply+demo49@example.invalid,IOC-EMAIL-294,10.1.126.191,198.51.100.180
evt-email_addresses-000225,2026-06-07T22:18:04+00:00,ENG-LAB-049,user057,teams.exe,Email Address,it-support+555@lab.invalid,IOC-EMAIL-505,10.1.52.91,203.0.113.12
evt-email_addresses-000226,2026-06-07T22:49:41+00:00,ENG-LAB-012,user019,rundll32.exe,Email Address,admin+ticket38@example.invalid,IOC-EMAIL-324,10.1.75.7,203.0.113.154
evt-email_addresses-000227,2026-06-07T23:51:31+00:00,ENG-LAB-017,user016,powershell.exe,Email Address,admin+case93@example.example,IOC-EMAIL-330,10.1.148.253,198.51.100.83
evt-email_addresses-000228,2026-06-08T00:01:17+00:00,ENG-LAB-050,user035,msedge.exe,Email Address,security@example.invalid,IOC-EMAIL-272,10.3.108.238,203.0.113.138
evt-email_addresses-000229,2026-06-08T01:02:56+00:00,ENG-LAB-006,user054,winword.exe,Email Address,admin+880@lab.invalid,IOC-EMAIL-455,10.0.79.70,198.51.100.100
evt-email_addresses-000230,2026-06-08T01:30:14+00:00,ENG-LAB-014,user051,powershell.exe,Email Address,soc@university.example,IOC-EMAIL-719,10.0.169.160,203.0.113.132
evt-email_addresses-000231,2026-06-08T02:08:41+00:00,ENG-LAB-058,user021,chrome.exe,Email Address,soc+demo93@example.example,IOC-EMAIL-642,10.0.197.231,198.51.100.172
evt-email_addresses-000232,2026-06-08T03:02:10+00:00,ENG-LAB-040,user065,outlook.exe,Email Address,noreply@university.example,IOC-EMAIL-745,10.3.173.205,203.0.113.44
evt-email_addresses-000233,2026-06-08T04:03:38+00:00,ENG-LAB-032,user083,teams.exe,Email Address,billing+465@example.example,IOC-EMAIL-206,10.2.116.58,198.51.100.220
evt-email_addresses-000234,2026-06-08T04:35:00+00:00,ENG-LAB-051,user078,powershell.exe,Email Address,admin+927@lab.invalid,IOC-EMAIL-925,10.0.4.118,198.51.100.195
evt-email_addresses-000235,2026-06-08T05:54:16+00:00,ENG-LAB-037,user010,powershell.exe,Email Address,helpdesk@example.invalid,IOC-EMAIL-477,10.2.181.54,203.0.113.220
evt-email_addresses-000236,2026-06-08T06:22:30+00:00,ENG-LAB-014,user098,rundll32.exe,Email Address,alerts@university.example,IOC-EMAIL-777,10.3.35.251,198.51.100.191
evt-email_addresses-000237,2026-06-08T10:10:48+00:00,ENG-LAB-002,user085,chrome.exe,Email Address,it-support+demo63@example.invalid,IOC-EMAIL-250,10.1.235.90,198.51.100.6
evt-email_addresses-000238,2026-06-08T11:56:43+00:00,ENG-LAB-039,user006,reg.exe,Email Address,training+ticket75@university.example,IOC-EMAIL-869,10.1.40.22,198.51.100.40
evt-email_addresses-000239,2026-06-08T12:04:32+00:00,ENG-LAB-010,user098,teams.exe,Email Address,soc+ticket21@lab.invalid,IOC-EMAIL-253,10.0.47.56,203.0.113.97
evt-email_addresses-000240,2026-06-08T12:41:21+00:00,ENG-LAB-004,user058,rundll32.exe,Email Address,admin+281@university.example,IOC-EMAIL-821,10.3.49.92,203.0.113.202
evt-email_addresses-000241,2026-06-08T13:35:36+00:00,ENG-LAB-055,user009,outlook.exe,Email Address,it-support+case52@university.example,IOC-EMAIL-882,10.2.234.81,198.51.100.238
evt-email_addresses-000242,2026-06-08T15:37:40+00:00,ENG-LAB-008,user081,python.exe,Email Address,research@university.example,IOC-EMAIL-281,10.0.37.138,203.0.113.233
evt-email_addresses-000243,2026-06-08T15:52:00+00:00,ENG-LAB-011,user022,msedge.exe,Email Address,soc+ticket44@example.example,IOC-EMAIL-780,10.1.125.42,203.0.113.208
evt-email_addresses-000244,2026-06-08T16:01:20+00:00,ENG-LAB-048,user098,msedge.exe,Email Address,billing+ticket74@example.example,IOC-EMAIL-659,10.3.69.222,203.0.113.40
evt-email_addresses-000245,2026-06-08T17:34:02+00:00,ENG-LAB-029,user037,chrome.exe,Email Address,soc+case54@example.invalid,IOC-EMAIL-202,10.0.201.152,203.0.113.227
evt-email_addresses-000246,2026-06-08T18:04:14+00:00,ENG-LAB-022,user068,powershell.exe,Email Address,security+941@example.example,IOC-EMAIL-123,10.2.75.111,198.51.100.219
evt-email_addresses-000247,2026-06-08T20:37:47+00:00,ENG-LAB-041,user074,svchost.exe,Email Address,research+312@example.invalid,IOC-EMAIL-390,10.3.253.103,203.0.113.43
evt-email_addresses-000248,2026-06-08T22:20:48+00:00,ENG-LAB-034,user017,python.exe,Email Address,helpdesk+ticket31@university.example,IOC-EMAIL-962,10.2.65.50,203.0.113.27
evt-email_addresses-000249,2026-06-08T23:43:45+00:00,ENG-LAB-010,user067,reg.exe,Email Address,noreply@example.example,IOC-EMAIL-838,10.1.214.57,198.51.100.54
evt-email_addresses-000250,2026-06-09T00:43:16+00:00,ENG-LAB-021,user014,powershell.exe,Email Address,admin@example.example,IOC-EMAIL-362,10.3.127.224,203.0.113.134
evt-email_addresses-000251,2026-06-09T01:30:44+00:00,ENG-LAB-029,user002,rundll32.exe,Email Address,training+571@example.invalid,IOC-EMAIL-341,10.3.214.138,203.0.113.52
evt-email_addresses-000252,2026-06-09T03:00:22+00:00,ENG-LAB-051,user015,msedge.exe,Email Address,billing+188@example.invalid,IOC-EMAIL-397,10.0.117.18,203.0.113.202
evt-email_addresses-000253,2026-06-09T03:17:05+00:00,ENG-LAB-008,user034,teams.exe,Email Address,research+856@example.invalid,IOC-EMAIL-638,10.1.235.90,203.0.113.239
evt-email_addresses-000254,2026-06-09T03:34:08+00:00,ENG-LAB-037,user090,reg.exe,Email Address,alerts+731@example.example,IOC-EMAIL-428,10.1.40.22,203.0.113.26
evt-email_addresses-000255,2026-06-09T05:29:25+00:00,ENG-LAB-024,user004,outlook.exe,Email Address,it-support+753@university.example,IOC-EMAIL-994,10.1.52.174,203.0.113.244
evt-email_addresses-000256,2026-06-09T07:30:07+00:00,ENG-LAB-043,user040,msedge.exe,Email Address,admin+550@lab.invalid,IOC-EMAIL-535,10.0.180.77,203.0.113.137
evt-email_addresses-000257,2026-06-09T10:05:22+00:00,ENG-LAB-034,user024,msedge.exe,Email Address,it-support+case63@example.example,IOC-EMAIL-573,10.0.57.20,198.51.100.202
evt-email_addresses-000258,2026-06-09T10:50:21+00:00,ENG-LAB-036,user071,msedge.exe,Email Address,alerts+474@example.example,IOC-EMAIL-420,10.3.0.134,198.51.100.130
evt-email_addresses-000259,2026-06-09T11:19:16+00:00,ENG-LAB-012,user091,winword.exe,Email Address,noreply+ticket84@example.invalid,IOC-EMAIL-513,10.0.81.179,203.0.113.28
evt-email_addresses-000260,2026-06-09T13:50:15+00:00,ENG-LAB-051,user038,reg.exe,Email Address,security@example.example,IOC-EMAIL-345,10.2.65.50,203.0.113.57
evt-email_addresses-000261,2026-06-09T14:28:32+00:00,ENG-LAB-042,user054,powershell.exe,Email Address,admin@example.invalid,IOC-EMAIL-141,10.0.146.61,198.51.100.9
evt-email_addresses-000262,2026-06-09T15:19:13+00:00,ENG-LAB-005,user073,teams.exe,Email Address,training@university.example,IOC-EMAIL-852,10.3.37.117,203.0.113.196
evt-email_addresses-000263,2026-06-09T15:40:16+00:00,ENG-LAB-015,user026,python.exe,Email Address,admin@example.example,IOC-EMAIL-924,10.0.117.151,198.51.100.201
evt-email_addresses-000264,2026-06-09T15:53:36+00:00,ENG-LAB-003,user096,python.exe,Email Address,it-support+870@example.invalid,IOC-EMAIL-177,10.1.75.168,203.0.113.200
evt-email_addresses-000265,2026-06-09T17:18:45+00:00,ENG-LAB-019,user073,rundll32.exe,Email Address,alerts+demo20@example.invalid,IOC-EMAIL-735,10.1.189.73,203.0.113.232
evt-email_addresses-000266,2026-06-09T17:20:03+00:00,ENG-LAB-011,user073,powershell.exe,Email Address,training+552@example.invalid,IOC-EMAIL-365,10.3.69.222,198.51.100.131
evt-email_addresses-000267,2026-06-09T17:54:04+00:00,ENG-LAB-048,user069,outlook.exe,Email Address,helpdesk@example.invalid,IOC-EMAIL-232,10.0.41.108,203.0.113.249
evt-email_addresses-000268,2026-06-09T17:57:38+00:00,ENG-LAB-043,user098,reg.exe,Email Address,alerts@university.example,IOC-EMAIL-460,10.1.134.42,203.0.113.133
evt-email_addresses-000269,2026-06-09T19:34:18+00:00,ENG-LAB-007,user072,outlook.exe,Email Address,noreply+demo55@example.example,IOC-EMAIL-296,10.2.250.65,198.51.100.248
evt-email_addresses-000270,2026-06-09T19:44:40+00:00,ENG-LAB-026,user037,reg.exe,Email Address,helpdesk@lab.invalid,IOC-EMAIL-893,10.1.249.57,203.0.113.61
evt-email_addresses-000271,2026-06-09T20:46:15+00:00,ENG-LAB-054,user082,rundll32.exe,Email Address,helpdesk+ticket33@example.invalid,IOC-EMAIL-168,10.3.99.184,203.0.113.59
evt-email_addresses-000272,2026-06-09T22:18:42+00:00,ENG-LAB-024,user032,teams.exe,Email Address,research+859@example.invalid,IOC-EMAIL-507,10.3.49.92,198.51.100.78
evt-email_addresses-000273,2026-06-10T00:52:05+00:00,ENG-LAB-059,user007,python.exe,Email Address,alerts+232@lab.invalid,IOC-EMAIL-146,10.1.55.98,203.0.113.96
evt-email_addresses-000274,2026-06-10T00:57:27+00:00,ENG-LAB-041,user085,winword.exe,Email Address,research+420@example.invalid,IOC-EMAIL-998,10.1.154.104,198.51.100.126
evt-email_addresses-000275,2026-06-10T01:07:07+00:00,ENG-LAB-057,user005,chrome.exe,Email Address,helpdesk@example.invalid,IOC-EMAIL-716,10.3.1.245,203.0.113.113
evt-email_addresses-000276,2026-06-10T01:26:04+00:00,ENG-LAB-030,user073,teams.exe,Email Address,soc+496@lab.invalid,IOC-EMAIL-281,10.1.0.154,198.51.100.203
evt-email_addresses-000277,2026-06-10T02:05:43+00:00,ENG-LAB-018,user081,chrome.exe,Email Address,training@example.invalid,IOC-EMAIL-646,10.0.59.225,203.0.113.7
evt-email_addresses-000278,2026-06-10T02:55:52+00:00,ENG-LAB-059,user048,powershell.exe,Email Address,admin+709@example.invalid,IOC-EMAIL-139,10.2.133.53,203.0.113.73
evt-email_addresses-000279,2026-06-10T05:48:10+00:00,ENG-LAB-056,user022,teams.exe,Email Address,admin@example.invalid,IOC-EMAIL-252,10.3.202.227,203.0.113.253
evt-email_addresses-000280,2026-06-10T07:02:06+00:00,ENG-LAB-052,user054,powershell.exe,Email Address,billing+731@university.example,IOC-EMAIL-654,10.1.135.30,203.0.113.16
evt-email_addresses-000281,2026-06-10T08:57:48+00:00,ENG-LAB-057,user055,chrome.exe,Email Address,billing+ticket93@example.example,IOC-EMAIL-137,10.2.224.231,198.51.100.108
evt-email_addresses-000282,2026-06-10T09:00:30+00:00,ENG-LAB-037,user038,chrome.exe,Email Address,admin+245@example.invalid,IOC-EMAIL-939,10.3.69.222,203.0.113.217
evt-email_addresses-000283,2026-06-10T12:14:53+00:00,ENG-LAB-052,user079,powershell.exe,Email Address,security+demo40@example.invalid,IOC-EMAIL-885,10.2.238.114,203.0.113.32
evt-email_addresses-000284,2026-06-10T12:48:34+00:00,ENG-LAB-001,user055,teams.exe,Email Address,it-support+demo53@university.example,IOC-EMAIL-836,10.1.154.104,198.51.100.199
evt-email_addresses-000285,2026-06-10T13:44:41+00:00,ENG-LAB-041,user046,svchost.exe,Email Address,billing@lab.invalid,IOC-EMAIL-330,10.1.126.191,203.0.113.241
evt-email_addresses-000286,2026-06-10T14:04:05+00:00,ENG-LAB-056,user009,winword.exe,Email Address,security+ticket75@example.invalid,IOC-EMAIL-945,10.3.37.117,198.51.100.13
evt-email_addresses-000287,2026-06-10T14:27:54+00:00,ENG-LAB-045,user027,outlook.exe,Email Address,research+774@university.example,IOC-EMAIL-399,10.0.152.216,198.51.100.66
evt-email_addresses-000288,2026-06-10T14:36:26+00:00,ENG-LAB-002,user095,powershell.exe,Email Address,training@example.example,IOC-EMAIL-163,10.2.125.58,203.0.113.179
evt-email_addresses-000289,2026-06-10T16:58:02+00:00,ENG-LAB-037,user008,python.exe,Email Address,it-support+973@example.invalid,IOC-EMAIL-946,10.0.142.90,198.51.100.155
evt-email_addresses-000290,2026-06-10T18:22:15+00:00,ENG-LAB-043,user074,chrome.exe,Email Address,admin@university.example,IOC-EMAIL-903,10.3.194.70,203.0.113.202
evt-email_addresses-000291,2026-06-10T18:29:01+00:00,ENG-LAB-048,user083,svchost.exe,Email Address,it-support+383@example.invalid,IOC-EMAIL-485,10.1.109.17,198.51.100.65
evt-email_addresses-000292,2026-06-10T18:51:27+00:00,ENG-LAB-013,user035,powershell.exe,Email Address,billing+405@example.example,IOC-EMAIL-847,10.2.158.171,198.51.100.233
evt-email_addresses-000293,2026-06-10T18:58:51+00:00,ENG-LAB-006,user074,teams.exe,Email Address,helpdesk+case52@university.example,IOC-EMAIL-170,10.3.109.139,198.51.100.108
evt-email_addresses-000294,2026-06-10T20:23:54+00:00,ENG-LAB-020,user049,msedge.exe,Email Address,noreply@example.example,IOC-EMAIL-840,10.2.238.114,203.0.113.115
evt-email_addresses-000295,2026-06-10T21:19:07+00:00,ENG-LAB-057,user013,winword.exe,Email Address,soc+case12@lab.invalid,IOC-EMAIL-184,10.1.125.42,198.51.100.14
evt-email_addresses-000296,2026-06-10T22:10:51+00:00,ENG-LAB-010,user023,msedge.exe,Email Address,admin@example.invalid,IOC-EMAIL-287,10.0.47.56,203.0.113.157
evt-email_addresses-000297,2026-06-10T22:37:39+00:00,ENG-LAB-045,user016,winword.exe,Email Address,billing@university.example,IOC-EMAIL-970,10.0.120.104,198.51.100.103
evt-email_addresses-000298,2026-06-10T22:41:17+00:00,ENG-LAB-029,user006,python.exe,Email Address,helpdesk@example.invalid,IOC-EMAIL-220,10.1.159.103,198.51.100.40
evt-email_addresses-000299,2026-06-10T23:34:24+00:00,ENG-LAB-055,user034,msedge.exe,Email Address,soc+727@example.invalid,IOC-EMAIL-722,10.2.52.24,203.0.113.14
evt-email_addresses-000300,2026-06-11T01:41:20+00:00,ENG-LAB-028,user073,teams.exe,Email Address,helpdesk+ticket44@example.invalid,IOC-EMAIL-171,10.2.122.15,198.51.100.29
evt-email_addresses-000301,2026-06-11T02:02:41+00:00,ENG-LAB-048,user046,python.exe,Email Address,alerts+demo74@lab.invalid,IOC-EMAIL-849,10.3.61.64,203.0.113.110
evt-email_addresses-000302,2026-06-11T03:07:43+00:00,ENG-LAB-025,user007,powershell.exe,Email Address,security+ticket22@example.invalid,IOC-EMAIL-749,10.1.214.57,203.0.113.208
evt-email_addresses-000303,2026-06-11T04:20:56+00:00,ENG-LAB-027,user072,msedge.exe,Email Address,noreply+ticket25@university.example,IOC-EMAIL-286,10.3.173.205,198.51.100.27
evt-email_addresses-000304,2026-06-11T05:59:27+00:00,ENG-LAB-048,user090,powershell.exe,Email Address,security+675@example.example,IOC-EMAIL-297,10.2.65.50,198.51.100.244
evt-email_addresses-000305,2026-06-11T08:00:58+00:00,ENG-LAB-003,user032,svchost.exe,Email Address,training+case45@university.example,IOC-EMAIL-530,10.3.79.237,203.0.113.168
evt-email_addresses-000306,2026-06-11T09:26:47+00:00,ENG-LAB-054,user075,python.exe,Email Address,it-support+case59@example.invalid,IOC-EMAIL-844,10.3.218.144,198.51.100.125
evt-email_addresses-000307,2026-06-11T09:51:18+00:00,ENG-LAB-012,user034,reg.exe,Email Address,it-support@example.example,IOC-EMAIL-771,10.0.117.211,203.0.113.10
evt-email_addresses-000308,2026-06-11T10:18:33+00:00,ENG-LAB-041,user044,winword.exe,Email Address,admin+case87@example.example,IOC-EMAIL-850,10.2.63.185,198.51.100.21
evt-email_addresses-000309,2026-06-11T10:23:24+00:00,ENG-LAB-049,user021,svchost.exe,Email Address,helpdesk+ticket49@example.invalid,IOC-EMAIL-108,10.3.84.68,203.0.113.83
evt-email_addresses-000310,2026-06-11T11:29:48+00:00,ENG-LAB-057,user006,reg.exe,Email Address,helpdesk+ticket61@university.example,IOC-EMAIL-817,10.0.4.118,198.51.100.223
evt-email_addresses-000311,2026-06-11T11:34:16+00:00,ENG-LAB-018,user088,rundll32.exe,Email Address,it-support+demo45@university.example,IOC-EMAIL-215,10.1.211.7,203.0.113.100
evt-email_addresses-000312,2026-06-11T11:35:13+00:00,ENG-LAB-004,user065,rundll32.exe,Email Address,security@example.invalid,IOC-EMAIL-470,10.3.67.172,198.51.100.159
evt-email_addresses-000313,2026-06-11T12:52:11+00:00,ENG-LAB-013,user035,reg.exe,Email Address,helpdesk+case77@example.example,IOC-EMAIL-555,10.1.135.30,198.51.100.84
evt-email_addresses-000314,2026-06-11T13:22:42+00:00,ENG-LAB-056,user001,powershell.exe,Email Address,admin+case22@example.example,IOC-EMAIL-668,10.1.75.168,203.0.113.46
evt-email_addresses-000315,2026-06-11T14:17:01+00:00,ENG-LAB-038,user094,python.exe,Email Address,it-support+ticket22@example.invalid,IOC-EMAIL-254,10.1.249.57,203.0.113.200
evt-email_addresses-000316,2026-06-11T14:43:59+00:00,ENG-LAB-026,user019,teams.exe,Email Address,admin+130@example.example,IOC-EMAIL-911,10.0.226.207,198.51.100.126
evt-email_addresses-000317,2026-06-11T15:05:38+00:00,ENG-LAB-029,user053,msedge.exe,Email Address,admin+demo22@example.invalid,IOC-EMAIL-615,10.2.248.161,203.0.113.57
evt-email_addresses-000318,2026-06-11T15:20:37+00:00,ENG-LAB-004,user041,rundll32.exe,Email Address,alerts@example.invalid,IOC-EMAIL-686,10.0.180.77,203.0.113.41
evt-email_addresses-000319,2026-06-11T15:49:19+00:00,ENG-LAB-017,user003,python.exe,Email Address,noreply@example.example,IOC-EMAIL-154,10.0.201.152,198.51.100.140
evt-email_addresses-000320,2026-06-11T17:29:32+00:00,ENG-LAB-056,user001,reg.exe,Email Address,alerts+demo96@university.example,IOC-EMAIL-756,10.0.49.169,198.51.100.86
evt-email_addresses-000321,2026-06-11T18:43:16+00:00,ENG-LAB-054,user096,msedge.exe,Email Address,training+142@lab.invalid,IOC-EMAIL-455,10.2.4.171,198.51.100.250
evt-email_addresses-000322,2026-06-11T19:30:38+00:00,ENG-LAB-004,user053,chrome.exe,Email Address,noreply@lab.invalid,IOC-EMAIL-629,10.2.116.58,203.0.113.202
evt-email_addresses-000323,2026-06-11T19:37:58+00:00,ENG-LAB-037,user083,outlook.exe,Email Address,it-support@example.invalid,IOC-EMAIL-729,10.0.47.56,198.51.100.141
evt-email_addresses-000324,2026-06-11T19:45:38+00:00,ENG-LAB-032,user074,rundll32.exe,Email Address,soc@university.example,IOC-EMAIL-960,10.0.49.169,203.0.113.173
evt-email_addresses-000325,2026-06-11T21:35:32+00:00,ENG-LAB-018,user089,powershell.exe,Email Address,admin+496@example.example,IOC-EMAIL-778,10.2.250.5,198.51.100.38
evt-email_addresses-000326,2026-06-11T23:48:41+00:00,ENG-LAB-029,user086,winword.exe,Email Address,soc+353@lab.invalid,IOC-EMAIL-937,10.2.35.226,203.0.113.242
evt-email_addresses-000327,2026-06-12T01:11:42+00:00,ENG-LAB-021,user030,python.exe,Email Address,research+644@example.invalid,IOC-EMAIL-890,10.3.202.227,198.51.100.81
evt-email_addresses-000328,2026-06-12T01:22:51+00:00,ENG-LAB-025,user053,powershell.exe,Email Address,noreply+demo53@lab.invalid,IOC-EMAIL-284,10.0.117.18,203.0.113.168
evt-email_addresses-000329,2026-06-12T02:07:17+00:00,ENG-LAB-042,user028,powershell.exe,Email Address,it-support+case27@example.example,IOC-EMAIL-865,10.0.161.103,203.0.113.34
evt-email_addresses-000330,2026-06-12T03:42:31+00:00,ENG-LAB-013,user083,powershell.exe,Email Address,helpdesk+ticket94@university.example,IOC-EMAIL-608,10.0.31.192,203.0.113.32
evt-email_addresses-000331,2026-06-12T04:31:53+00:00,ENG-LAB-035,user011,outlook.exe,Email Address,alerts@lab.invalid,IOC-EMAIL-690,10.1.52.174,198.51.100.201
evt-email_addresses-000332,2026-06-12T05:14:42+00:00,ENG-LAB-051,user081,reg.exe,Email Address,training+demo38@example.invalid,IOC-EMAIL-646,10.3.109.139,198.51.100.146
evt-email_addresses-000333,2026-06-12T07:50:32+00:00,ENG-LAB-007,user044,svchost.exe,Email Address,it-support@example.invalid,IOC-EMAIL-258,10.2.133.53,198.51.100.184
evt-email_addresses-000334,2026-06-12T08:28:19+00:00,ENG-LAB-031,user050,outlook.exe,Email Address,noreply@example.invalid,IOC-EMAIL-395,10.1.243.116,198.51.100.149
evt-email_addresses-000335,2026-06-12T09:20:26+00:00,ENG-LAB-009,user078,rundll32.exe,Email Address,it-support+demo99@example.invalid,IOC-EMAIL-689,10.1.62.117,198.51.100.165
evt-email_addresses-000336,2026-06-12T11:05:48+00:00,ENG-LAB-031,user052,chrome.exe,Email Address,it-support+case48@lab.invalid,IOC-EMAIL-917,10.0.125.252,203.0.113.166
evt-email_addresses-000337,2026-06-12T16:21:28+00:00,ENG-LAB-039,user099,outlook.exe,Email Address,training@example.invalid,IOC-EMAIL-252,10.0.4.118,203.0.113.73
evt-email_addresses-000338,2026-06-12T16:32:43+00:00,ENG-LAB-027,user017,winword.exe,Email Address,billing+ticket87@example.invalid,IOC-EMAIL-488,10.0.193.21,198.51.100.211
evt-email_addresses-000339,2026-06-12T17:02:49+00:00,ENG-LAB-034,user039,teams.exe,Email Address,it-support+779@example.invalid,IOC-EMAIL-841,10.3.218.144,198.51.100.45
evt-email_addresses-000340,2026-06-12T19:51:21+00:00,ENG-LAB-041,user065,svchost.exe,Email Address,training+158@example.invalid,IOC-EMAIL-643,10.2.250.5,198.51.100.171
evt-email_addresses-000341,2026-06-12T21:17:09+00:00,ENG-LAB-030,user012,chrome.exe,Email Address,security+156@example.example,IOC-EMAIL-840,10.1.249.57,198.51.100.211
evt-email_addresses-000342,2026-06-12T22:24:50+00:00,ENG-LAB-008,user067,teams.exe,Email Address,soc+case22@example.invalid,IOC-EMAIL-840,10.2.125.58,198.51.100.98
evt-email_addresses-000343,2026-06-12T22:52:09+00:00,ENG-LAB-057,user078,chrome.exe,Email Address,admin@university.example,IOC-EMAIL-439,10.3.246.55,198.51.100.188
evt-email_addresses-000344,2026-06-12T23:16:12+00:00,ENG-LAB-023,user078,teams.exe,Email Address,training@example.invalid,IOC-EMAIL-404,10.0.81.179,203.0.113.1
evt-email_addresses-000345,2026-06-13T00:54:10+00:00,ENG-LAB-030,user053,winword.exe,Email Address,security+811@example.invalid,IOC-EMAIL-406,10.1.32.87,198.51.100.252
evt-email_addresses-000346,2026-06-13T00:58:19+00:00,ENG-LAB-059,user034,svchost.exe,Email Address,research@example.example,IOC-EMAIL-908,10.3.208.49,198.51.100.153
evt-email_addresses-000347,2026-06-13T01:39:08+00:00,ENG-LAB-054,user003,winword.exe,Email Address,billing+494@university.example,IOC-EMAIL-222,10.1.134.42,203.0.113.30
evt-email_addresses-000348,2026-06-13T03:34:27+00:00,ENG-LAB-053,user040,teams.exe,Email Address,alerts+430@university.example,IOC-EMAIL-275,10.2.35.226,198.51.100.47
evt-email_addresses-000349,2026-06-13T04:40:30+00:00,ENG-LAB-016,user011,outlook.exe,Email Address,training+153@example.example,IOC-EMAIL-696,10.3.186.42,203.0.113.167
evt-email_addresses-000350,2026-06-13T05:00:59+00:00,ENG-LAB-011,user063,msedge.exe,Email Address,training@lab.invalid,IOC-EMAIL-257,10.2.53.241,198.51.100.106
evt-email_addresses-000351,2026-06-13T05:17:37+00:00,ENG-LAB-060,user012,powershell.exe,Email Address,alerts@lab.invalid,IOC-EMAIL-653,10.2.35.226,198.51.100.134
evt-email_addresses-000352,2026-06-13T08:43:53+00:00,ENG-LAB-006,user071,reg.exe,Email Address,security+833@lab.invalid,IOC-EMAIL-364,10.2.234.81,203.0.113.126
evt-email_addresses-000353,2026-06-13T08:56:37+00:00,ENG-LAB-002,user002,svchost.exe,Email Address,it-support+911@example.example,IOC-EMAIL-587,10.0.155.74,203.0.113.161
evt-email_addresses-000354,2026-06-13T09:26:34+00:00,ENG-LAB-040,user088,chrome.exe,Email Address,helpdesk+742@example.invalid,IOC-EMAIL-866,10.3.35.251,203.0.113.237
evt-email_addresses-000355,2026-06-13T09:45:58+00:00,ENG-LAB-053,user005,svchost.exe,Email Address,it-support+367@lab.invalid,IOC-EMAIL-646,10.1.126.191,198.51.100.197
evt-email_addresses-000356,2026-06-13T10:12:41+00:00,ENG-LAB-031,user008,svchost.exe,Email Address,it-support+demo74@example.invalid,IOC-EMAIL-968,10.0.127.50,203.0.113.35
evt-email_addresses-000357,2026-06-13T10:37:09+00:00,ENG-LAB-008,user046,teams.exe,Email Address,billing@example.invalid,IOC-EMAIL-610,10.0.117.18,198.51.100.12
evt-email_addresses-000358,2026-06-13T11:18:37+00:00,ENG-LAB-046,user069,msedge.exe,Email Address,billing+863@example.example,IOC-EMAIL-437,10.3.109.131,203.0.113.148
evt-email_addresses-000359,2026-06-13T12:09:00+00:00,ENG-LAB-007,user035,powershell.exe,Email Address,it-support@university.example,IOC-EMAIL-375,10.1.83.250,198.51.100.171
evt-email_addresses-000360,2026-06-13T12:23:20+00:00,ENG-LAB-007,user090,teams.exe,Email Address,it-support@example.invalid,IOC-EMAIL-855,10.0.155.74,203.0.113.116
evt-email_addresses-000361,2026-06-13T12:38:28+00:00,ENG-LAB-002,user012,rundll32.exe,Email Address,research@example.invalid,IOC-EMAIL-730,10.1.130.12,203.0.113.97
evt-email_addresses-000362,2026-06-13T16:05:04+00:00,ENG-LAB-023,user023,rundll32.exe,Email Address,training@university.example,IOC-EMAIL-586,10.0.185.225,203.0.113.5
evt-email_addresses-000363,2026-06-13T16:26:01+00:00,ENG-LAB-041,user072,msedge.exe,Email Address,admin+865@example.invalid,IOC-EMAIL-709,10.2.234.81,203.0.113.179
evt-email_addresses-000364,2026-06-13T17:22:22+00:00,ENG-LAB-044,user080,teams.exe,Email Address,research+case80@example.invalid,IOC-EMAIL-515,10.3.181.109,203.0.113.39
evt-email_addresses-000365,2026-06-13T17:24:23+00:00,ENG-LAB-059,user091,outlook.exe,Email Address,security+demo36@example.invalid,IOC-EMAIL-941,10.2.224.231,203.0.113.117
evt-email_addresses-000366,2026-06-13T17:35:29+00:00,ENG-LAB-026,user071,chrome.exe,Email Address,helpdesk@lab.invalid,IOC-EMAIL-803,10.1.18.214,203.0.113.26
evt-email_addresses-000367,2026-06-13T21:55:05+00:00,ENG-LAB-052,user026,msedge.exe,Email Address,alerts+353@lab.invalid,IOC-EMAIL-598,10.0.216.9,198.51.100.3
evt-email_addresses-000368,2026-06-13T23:03:59+00:00,ENG-LAB-043,user012,teams.exe,Email Address,soc@example.invalid,IOC-EMAIL-706,10.1.65.169,198.51.100.49
evt-email_addresses-000369,2026-06-13T23:24:38+00:00,ENG-LAB-015,user008,chrome.exe,Email Address,helpdesk+ticket76@university.example,IOC-EMAIL-208,10.2.65.50,198.51.100.254
evt-email_addresses-000370,2026-06-13T23:53:29+00:00,ENG-LAB-013,user034,outlook.exe,Email Address,research@example.example,IOC-EMAIL-308,10.3.174.72,203.0.113.171
evt-email_addresses-000371,2026-06-14T00:37:58+00:00,ENG-LAB-003,user075,winword.exe,Email Address,noreply+290@lab.invalid,IOC-EMAIL-260,10.0.31.192,198.51.100.237
evt-email_addresses-000372,2026-06-14T00:42:07+00:00,ENG-LAB-053,user050,winword.exe,Email Address,research@example.invalid,IOC-EMAIL-767,10.3.49.92,203.0.113.153
evt-email_addresses-000373,2026-06-14T00:46:46+00:00,ENG-LAB-060,user021,powershell.exe,Email Address,it-support@lab.invalid,IOC-EMAIL-392,10.2.33.55,203.0.113.37
evt-email_addresses-000374,2026-06-14T01:26:56+00:00,ENG-LAB-010,user054,msedge.exe,Email Address,billing@example.example,IOC-EMAIL-510,10.1.126.191,203.0.113.4
evt-email_addresses-000375,2026-06-14T02:53:35+00:00,ENG-LAB-057,user044,winword.exe,Email Address,billing+demo98@example.invalid,IOC-EMAIL-396,10.2.122.15,198.51.100.196
evt-email_addresses-000376,2026-06-14T02:59:33+00:00,ENG-LAB-035,user080,rundll32.exe,Email Address,billing+888@example.example,IOC-EMAIL-530,10.2.29.13,203.0.113.122
evt-email_addresses-000377,2026-06-14T03:10:03+00:00,ENG-LAB-024,user041,powershell.exe,Email Address,soc+case89@example.invalid,IOC-EMAIL-982,10.1.135.30,198.51.100.220
evt-email_addresses-000378,2026-06-14T05:19:19+00:00,ENG-LAB-024,user066,teams.exe,Email Address,alerts+case55@example.invalid,IOC-EMAIL-271,10.2.35.226,198.51.100.170
evt-email_addresses-000379,2026-06-14T05:47:30+00:00,ENG-LAB-058,user023,python.exe,Email Address,training@university.example,IOC-EMAIL-439,10.0.25.167,198.51.100.190
evt-email_addresses-000380,2026-06-14T06:16:40+00:00,ENG-LAB-029,user058,teams.exe,Email Address,billing+case51@lab.invalid,IOC-EMAIL-650,10.2.135.207,198.51.100.194
evt-email_addresses-000381,2026-06-14T07:49:25+00:00,ENG-LAB-011,user072,powershell.exe,Email Address,noreply+897@example.invalid,IOC-EMAIL-287,10.0.31.192,203.0.113.5
evt-email_addresses-000382,2026-06-14T08:58:17+00:00,ENG-LAB-049,user011,powershell.exe,Email Address,billing+case21@example.example,IOC-EMAIL-697,10.0.49.169,203.0.113.157
evt-email_addresses-000383,2026-06-14T09:28:40+00:00,ENG-LAB-058,user039,chrome.exe,Email Address,research@example.invalid,IOC-EMAIL-504,10.1.186.111,203.0.113.135
evt-email_addresses-000384,2026-06-14T09:37:37+00:00,ENG-LAB-036,user056,svchost.exe,Email Address,noreply+demo58@example.invalid,IOC-EMAIL-466,10.3.86.169,198.51.100.229
evt-email_addresses-000385,2026-06-14T11:20:08+00:00,ENG-LAB-060,user001,reg.exe,Email Address,research+945@example.invalid,IOC-EMAIL-220,10.0.125.252,198.51.100.105
evt-email_addresses-000386,2026-06-14T12:05:47+00:00,ENG-LAB-038,user099,reg.exe,Email Address,helpdesk+676@lab.invalid,IOC-EMAIL-271,10.0.37.138,203.0.113.24
evt-email_addresses-000387,2026-06-14T12:52:24+00:00,ENG-LAB-041,user084,powershell.exe,Email Address,admin@example.invalid,IOC-EMAIL-442,10.2.116.58,198.51.100.95
evt-email_addresses-000388,2026-06-14T13:27:03+00:00,ENG-LAB-001,user095,winword.exe,Email Address,helpdesk+ticket52@example.invalid,IOC-EMAIL-230,10.0.54.200,203.0.113.95
evt-email_addresses-000389,2026-06-14T14:40:50+00:00,ENG-LAB-005,user033,teams.exe,Email Address,research+demo99@lab.invalid,IOC-EMAIL-537,10.0.81.179,198.51.100.48
evt-email_addresses-000390,2026-06-14T15:43:06+00:00,ENG-LAB-057,user030,msedge.exe,Email Address,research@example.invalid,IOC-EMAIL-202,10.0.57.20,198.51.100.145
evt-email_addresses-000391,2026-06-14T15:43:46+00:00,ENG-LAB-055,user009,python.exe,Email Address,noreply+demo79@example.invalid,IOC-EMAIL-433,10.0.70.39,198.51.100.227
evt-email_addresses-000392,2026-06-14T17:06:01+00:00,ENG-LAB-041,user043,msedge.exe,Email Address,it-support@example.example,IOC-EMAIL-999,10.2.91.149,203.0.113.52
evt-email_addresses-000393,2026-06-14T18:26:00+00:00,ENG-LAB-040,user015,svchost.exe,Email Address,security+514@example.invalid,IOC-EMAIL-624,10.0.125.252,198.51.100.194
evt-email_addresses-000394,2026-06-14T18:39:08+00:00,ENG-LAB-024,user089,outlook.exe,Email Address,soc+150@university.example,IOC-EMAIL-257,10.2.36.156,198.51.100.3
evt-email_addresses-000395,2026-06-14T19:09:20+00:00,ENG-LAB-051,user083,python.exe,Email Address,security@lab.invalid,IOC-EMAIL-813,10.0.240.57,198.51.100.159
evt-email_addresses-000396,2026-06-14T20:16:48+00:00,ENG-LAB-057,user098,python.exe,Email Address,soc+848@university.example,IOC-EMAIL-525,10.1.125.42,203.0.113.182
evt-email_addresses-000397,2026-06-14T20:49:38+00:00,ENG-LAB-040,user036,teams.exe,Email Address,research+case70@example.invalid,IOC-EMAIL-198,10.3.253.103,203.0.113.83
evt-email_addresses-000398,2026-06-15T00:04:22+00:00,ENG-LAB-053,user085,winword.exe,Email Address,research+case83@example.invalid,IOC-EMAIL-251,10.2.222.41,203.0.113.78
evt-email_addresses-000399,2026-06-15T00:14:26+00:00,ENG-LAB-027,user013,python.exe,Email Address,helpdesk+case70@example.invalid,IOC-EMAIL-685,10.3.135.238,198.51.100.247
evt-email_addresses-000400,2026-06-15T03:03:38+00:00,ENG-LAB-003,user032,outlook.exe,Email Address,training+527@example.example,IOC-EMAIL-224,10.3.69.222,203.0.113.103
evt-email_addresses-000401,2026-06-15T03:40:59+00:00,ENG-LAB-046,user021,winword.exe,Email Address,admin@example.invalid,IOC-EMAIL-988,10.3.146.109,198.51.100.80
evt-email_addresses-000402,2026-06-15T03:42:47+00:00,ENG-LAB-054,user075,teams.exe,Email Address,it-support+ticket21@example.example,IOC-EMAIL-704,10.0.185.225,198.51.100.11
evt-email_addresses-000403,2026-06-15T03:51:50+00:00,ENG-LAB-054,user077,powershell.exe,Email Address,research+659@example.invalid,IOC-EMAIL-151,10.3.67.172,203.0.113.185
evt-email_addresses-000404,2026-06-15T04:11:38+00:00,ENG-LAB-059,user007,msedge.exe,Email Address,alerts@lab.invalid,IOC-EMAIL-926,10.3.181.109,203.0.113.17
evt-email_addresses-000405,2026-06-15T08:02:49+00:00,ENG-LAB-025,user043,outlook.exe,Email Address,soc+demo36@example.invalid,IOC-EMAIL-131,10.0.240.57,198.51.100.91
evt-email_addresses-000406,2026-06-15T09:36:10+00:00,ENG-LAB-025,user090,outlook.exe,Email Address,helpdesk@example.invalid,IOC-EMAIL-868,10.2.35.226,203.0.113.106
evt-email_addresses-000407,2026-06-15T11:35:00+00:00,ENG-LAB-049,user057,outlook.exe,Email Address,noreply+679@lab.invalid,IOC-EMAIL-693,10.1.220.202,203.0.113.12
evt-email_addresses-000408,2026-06-15T11:52:40+00:00,ENG-LAB-024,user023,teams.exe,Email Address,research+465@example.invalid,IOC-EMAIL-950,10.3.61.64,203.0.113.183
evt-email_addresses-000409,2026-06-15T11:59:27+00:00,ENG-LAB-054,user033,teams.exe,Email Address,it-support+ticket58@example.example,IOC-EMAIL-267,10.3.80.15,203.0.113.132
evt-email_addresses-000410,2026-06-15T13:03:14+00:00,ENG-LAB-037,user033,chrome.exe,Email Address,training+486@example.example,IOC-EMAIL-698,10.2.47.210,198.51.100.136
evt-email_addresses-000411,2026-06-15T13:51:57+00:00,ENG-LAB-056,user009,rundll32.exe,Email Address,security@lab.invalid,IOC-EMAIL-511,10.1.216.153,198.51.100.17
evt-email_addresses-000412,2026-06-15T14:51:23+00:00,ENG-LAB-026,user040,rundll32.exe,Email Address,alerts+497@example.invalid,IOC-EMAIL-713,10.3.169.241,198.51.100.244
evt-email_addresses-000413,2026-06-15T15:07:59+00:00,ENG-LAB-051,user080,outlook.exe,Email Address,noreply@example.invalid,IOC-EMAIL-829,10.2.36.156,198.51.100.241
evt-email_addresses-000414,2026-06-15T15:46:01+00:00,ENG-LAB-026,user074,reg.exe,Email Address,billing@university.example,IOC-EMAIL-160,10.1.148.253,198.51.100.26
evt-email_addresses-000415,2026-06-15T16:44:21+00:00,ENG-LAB-053,user022,rundll32.exe,Email Address,it-support@university.example,IOC-EMAIL-666,10.3.37.117,203.0.113.156
evt-email_addresses-000416,2026-06-15T18:35:52+00:00,ENG-LAB-012,user051,chrome.exe,Email Address,soc+571@example.invalid,IOC-EMAIL-738,10.1.109.17,198.51.100.20
evt-email_addresses-000417,2026-06-15T21:38:57+00:00,ENG-LAB-017,user069,svchost.exe,Email Address,billing+case26@example.example,IOC-EMAIL-609,10.0.180.77,203.0.113.220
evt-email_addresses-000418,2026-06-15T22:08:12+00:00,ENG-LAB-045,user060,msedge.exe,Email Address,alerts+case96@example.example,IOC-EMAIL-350,10.1.13.144,198.51.100.1
evt-email_addresses-000419,2026-06-15T23:22:25+00:00,ENG-LAB-051,user070,chrome.exe,Email Address,soc+408@university.example,IOC-EMAIL-665,10.3.253.103,203.0.113.161
evt-email_addresses-000420,2026-06-15T23:25:07+00:00,ENG-LAB-008,user077,reg.exe,Email Address,helpdesk@example.invalid,IOC-EMAIL-402,10.1.134.42,198.51.100.155
evt-email_addresses-000421,2026-06-16T00:13:10+00:00,ENG-LAB-009,user030,powershell.exe,Email Address,training@example.example,IOC-EMAIL-251,10.0.152.216,203.0.113.90
evt-email_addresses-000422,2026-06-16T00:51:31+00:00,ENG-LAB-012,user095,chrome.exe,Email Address,training+demo63@example.invalid,IOC-EMAIL-818,10.0.4.118,203.0.113.193
evt-email_addresses-000423,2026-06-16T01:02:03+00:00,ENG-LAB-033,user037,reg.exe,Email Address,alerts@example.invalid,IOC-EMAIL-684,10.3.208.85,203.0.113.243
evt-email_addresses-000424,2026-06-16T01:29:59+00:00,ENG-LAB-043,user019,outlook.exe,Email Address,it-support@example.example,IOC-EMAIL-773,10.0.41.108,203.0.113.111
evt-email_addresses-000425,2026-06-16T01:51:54+00:00,ENG-LAB-041,user010,powershell.exe,Email Address,soc+283@university.example,IOC-EMAIL-641,10.0.59.225,203.0.113.97
evt-email_addresses-000426,2026-06-16T03:14:45+00:00,ENG-LAB-060,user014,teams.exe,Email Address,billing+102@example.example,IOC-EMAIL-709,10.2.52.24,203.0.113.85
evt-email_addresses-000427,2026-06-16T04:02:57+00:00,ENG-LAB-012,user018,chrome.exe,Email Address,soc+699@example.invalid,IOC-EMAIL-290,10.0.155.74,198.51.100.15
evt-email_addresses-000428,2026-06-16T06:39:24+00:00,ENG-LAB-020,user021,powershell.exe,Email Address,soc@lab.invalid,IOC-EMAIL-111,10.3.1.253,198.51.100.64
evt-email_addresses-000429,2026-06-16T06:58:27+00:00,ENG-LAB-004,user040,rundll32.exe,Email Address,soc@example.invalid,IOC-EMAIL-854,10.1.125.42,203.0.113.151
evt-email_addresses-000430,2026-06-16T07:56:00+00:00,ENG-LAB-003,user050,powershell.exe,Email Address,admin+669@example.invalid,IOC-EMAIL-614,10.1.211.7,203.0.113.227
evt-email_addresses-000431,2026-06-16T09:48:08+00:00,ENG-LAB-018,user045,svchost.exe,Email Address,soc+518@example.invalid,IOC-EMAIL-653,10.0.31.192,203.0.113.58
evt-email_addresses-000432,2026-06-16T10:20:00+00:00,ENG-LAB-031,user062,outlook.exe,Email Address,security@example.invalid,IOC-EMAIL-828,10.3.239.222,203.0.113.152
evt-email_addresses-000433,2026-06-16T10:58:18+00:00,ENG-LAB-022,user017,winword.exe,Email Address,soc+case41@example.invalid,IOC-EMAIL-290,10.1.170.201,203.0.113.205
evt-email_addresses-000434,2026-06-16T12:06:54+00:00,ENG-LAB-050,user041,rundll32.exe,Email Address,alerts@example.invalid,IOC-EMAIL-466,10.3.73.68,198.51.100.76
evt-email_addresses-000435,2026-06-16T13:04:24+00:00,ENG-LAB-050,user065,svchost.exe,Email Address,security+438@example.invalid,IOC-EMAIL-726,10.0.42.165,198.51.100.194
evt-email_addresses-000436,2026-06-16T13:25:45+00:00,ENG-LAB-022,user021,msedge.exe,Email Address,security+ticket39@lab.invalid,IOC-EMAIL-653,10.3.194.174,203.0.113.210
evt-email_addresses-000437,2026-06-16T14:08:47+00:00,ENG-LAB-027,user008,rundll32.exe,Email Address,security+641@example.invalid,IOC-EMAIL-991,10.1.126.191,203.0.113.201
evt-email_addresses-000438,2026-06-16T14:24:30+00:00,ENG-LAB-013,user038,outlook.exe,Email Address,training@lab.invalid,IOC-EMAIL-608,10.2.181.54,198.51.100.123
evt-email_addresses-000439,2026-06-16T14:27:17+00:00,ENG-LAB-035,user013,outlook.exe,Email Address,billing+case70@university.example,IOC-EMAIL-945,10.1.130.12,198.51.100.26
evt-email_addresses-000440,2026-06-16T16:56:45+00:00,ENG-LAB-039,user090,rundll32.exe,Email Address,noreply+717@example.invalid,IOC-EMAIL-905,10.3.228.230,203.0.113.69
evt-email_addresses-000441,2026-06-16T17:35:21+00:00,ENG-LAB-059,user090,chrome.exe,Email Address,training@university.example,IOC-EMAIL-950,10.3.185.57,203.0.113.87
evt-email_addresses-000442,2026-06-16T17:39:19+00:00,ENG-LAB-027,user042,winword.exe,Email Address,helpdesk@example.example,IOC-EMAIL-846,10.1.159.103,203.0.113.248
evt-email_addresses-000443,2026-06-16T19:16:29+00:00,ENG-LAB-004,user034,python.exe,Email Address,admin+case95@lab.invalid,IOC-EMAIL-883,10.0.146.61,198.51.100.138
evt-email_addresses-000444,2026-06-16T19:28:07+00:00,ENG-LAB-040,user069,winword.exe,Email Address,it-support+147@example.invalid,IOC-EMAIL-240,10.3.173.205,198.51.100.24
evt-email_addresses-000445,2026-06-16T19:48:56+00:00,ENG-LAB-007,user032,svchost.exe,Email Address,research@university.example,IOC-EMAIL-142,10.3.93.13,198.51.100.135
evt-email_addresses-000446,2026-06-16T19:59:10+00:00,ENG-LAB-037,user015,chrome.exe,Email Address,security+demo87@example.example,IOC-EMAIL-415,10.3.135.238,203.0.113.21
evt-email_addresses-000447,2026-06-16T22:05:58+00:00,ENG-LAB-004,user011,svchost.exe,Email Address,security@example.invalid,IOC-EMAIL-445,10.1.65.169,198.51.100.188
evt-email_addresses-000448,2026-06-16T22:54:37+00:00,ENG-LAB-026,user030,reg.exe,Email Address,it-support@lab.invalid,IOC-EMAIL-574,10.1.62.117,198.51.100.115
evt-email_addresses-000449,2026-06-17T00:05:42+00:00,ENG-LAB-010,user085,rundll32.exe,Email Address,helpdesk+221@university.example,IOC-EMAIL-206,10.1.55.98,203.0.113.202
evt-email_addresses-000450,2026-06-17T01:47:13+00:00,ENG-LAB-022,user027,python.exe,Email Address,it-support@university.example,IOC-EMAIL-587,10.2.4.171,198.51.100.101
evt-email_addresses-000451,2026-06-17T02:09:52+00:00,ENG-LAB-012,user015,python.exe,Email Address,security+255@lab.invalid,IOC-EMAIL-525,10.2.133.53,203.0.113.232
evt-email_addresses-000452,2026-06-17T06:06:35+00:00,ENG-LAB-025,user090,outlook.exe,Email Address,billing@university.example,IOC-EMAIL-830,10.1.3.19,203.0.113.119
evt-email_addresses-000453,2026-06-17T07:59:16+00:00,ENG-LAB-058,user039,python.exe,Email Address,billing@university.example,IOC-EMAIL-299,10.2.19.28,203.0.113.156
evt-email_addresses-000454,2026-06-17T08:32:17+00:00,ENG-LAB-024,user060,reg.exe,Email Address,training+case56@university.example,IOC-EMAIL-791,10.3.208.49,198.51.100.2
evt-email_addresses-000455,2026-06-17T08:46:47+00:00,ENG-LAB-052,user081,winword.exe,Email Address,alerts+case23@example.invalid,IOC-EMAIL-603,10.1.216.153,203.0.113.133
evt-email_addresses-000456,2026-06-17T09:34:51+00:00,ENG-LAB-005,user091,rundll32.exe,Email Address,security@example.invalid,IOC-EMAIL-655,10.3.194.174,198.51.100.107
evt-email_addresses-000457,2026-06-17T09:46:58+00:00,ENG-LAB-002,user084,msedge.exe,Email Address,research+654@lab.invalid,IOC-EMAIL-583,10.0.58.175,203.0.113.213
evt-email_addresses-000458,2026-06-17T09:57:00+00:00,ENG-LAB-014,user089,teams.exe,Email Address,admin+167@lab.invalid,IOC-EMAIL-103,10.3.239.222,203.0.113.179
evt-email_addresses-000459,2026-06-17T10:10:32+00:00,ENG-LAB-017,user013,teams.exe,Email Address,helpdesk@lab.invalid,IOC-EMAIL-965,10.1.75.7,203.0.113.239
evt-email_addresses-000460,2026-06-17T13:26:24+00:00,ENG-LAB-006,user070,rundll32.exe,Email Address,admin+ticket74@example.invalid,IOC-EMAIL-999,10.2.4.171,203.0.113.132
evt-email_addresses-000461,2026-06-17T14:37:35+00:00,ENG-LAB-029,user012,python.exe,Email Address,it-support+224@example.invalid,IOC-EMAIL-425,10.3.128.249,203.0.113.108
evt-email_addresses-000462,2026-06-17T16:46:55+00:00,ENG-LAB-030,user043,reg.exe,Email Address,helpdesk@example.example,IOC-EMAIL-641,10.2.171.82,198.51.100.51
evt-email_addresses-000463,2026-06-17T16:52:35+00:00,ENG-LAB-016,user028,svchost.exe,Email Address,soc+ticket88@example.invalid,IOC-EMAIL-852,10.2.20.231,198.51.100.189
evt-email_addresses-000464,2026-06-17T17:17:00+00:00,ENG-LAB-009,user005,winword.exe,Email Address,noreply+ticket83@example.example,IOC-EMAIL-383,10.1.196.178,198.51.100.103
evt-email_addresses-000465,2026-06-17T17:53:34+00:00,ENG-LAB-015,user004,teams.exe,Email Address,security@example.invalid,IOC-EMAIL-864,10.1.35.12,203.0.113.109
evt-email_addresses-000466,2026-06-17T17:55:59+00:00,ENG-LAB-001,user039,python.exe,Email Address,helpdesk+case42@lab.invalid,IOC-EMAIL-604,10.1.110.246,203.0.113.221
evt-email_addresses-000467,2026-06-17T19:22:27+00:00,ENG-LAB-039,user010,chrome.exe,Email Address,noreply@example.example,IOC-EMAIL-978,10.2.224.231,203.0.113.24
evt-email_addresses-000468,2026-06-17T20:26:36+00:00,ENG-LAB-010,user092,powershell.exe,Email Address,it-support+872@example.invalid,IOC-EMAIL-851,10.2.29.13,203.0.113.208
evt-email_addresses-000469,2026-06-17T21:11:17+00:00,ENG-LAB-012,user012,reg.exe,Email Address,training@example.invalid,IOC-EMAIL-340,10.3.246.55,198.51.100.146
evt-email_addresses-000470,2026-06-17T21:12:52+00:00,ENG-LAB-010,user029,rundll32.exe,Email Address,security+case92@lab.invalid,IOC-EMAIL-563,10.1.126.191,198.51.100.42
evt-email_addresses-000471,2026-06-17T21:51:37+00:00,ENG-LAB-044,user047,chrome.exe,Email Address,soc+821@lab.invalid,IOC-EMAIL-782,10.0.199.87,198.51.100.171
evt-email_addresses-000472,2026-06-17T22:36:32+00:00,ENG-LAB-035,user097,chrome.exe,Email Address,helpdesk@example.example,IOC-EMAIL-866,10.0.216.9,198.51.100.140
evt-email_addresses-000473,2026-06-17T23:26:12+00:00,ENG-LAB-049,user077,msedge.exe,Email Address,noreply+demo42@example.example,IOC-EMAIL-229,10.2.35.226,203.0.113.6
evt-email_addresses-000474,2026-06-18T00:15:06+00:00,ENG-LAB-038,user060,python.exe,Email Address,alerts+113@example.invalid,IOC-EMAIL-146,10.2.194.84,198.51.100.130
evt-email_addresses-000475,2026-06-18T02:17:53+00:00,ENG-LAB-028,user012,svchost.exe,Email Address,security@example.invalid,IOC-EMAIL-561,10.3.25.143,203.0.113.127
evt-email_addresses-000476,2026-06-18T02:59:09+00:00,ENG-LAB-060,user030,svchost.exe,Email Address,research+178@example.example,IOC-EMAIL-303,10.1.135.34,198.51.100.21
evt-email_addresses-000477,2026-06-18T03:43:59+00:00,ENG-LAB-049,user021,winword.exe,Email Address,it-support+387@university.example,IOC-EMAIL-236,10.2.116.58,203.0.113.79
evt-email_addresses-000478,2026-06-18T04:20:15+00:00,ENG-LAB-015,user009,outlook.exe,Email Address,training+case33@example.invalid,IOC-EMAIL-382,10.2.133.53,198.51.100.121
evt-email_addresses-000479,2026-06-18T05:56:17+00:00,ENG-LAB-005,user003,chrome.exe,Email Address,helpdesk+demo14@university.example,IOC-EMAIL-806,10.2.65.50,198.51.100.176
evt-email_addresses-000480,2026-06-18T06:46:01+00:00,ENG-LAB-059,user028,msedge.exe,Email Address,security+case64@example.example,IOC-EMAIL-298,10.3.141.12,198.51.100.201
evt-email_addresses-000481,2026-06-18T07:17:25+00:00,ENG-LAB-039,user019,svchost.exe,Email Address,admin+demo52@lab.invalid,IOC-EMAIL-689,10.2.122.68,203.0.113.204
evt-email_addresses-000482,2026-06-18T07:31:00+00:00,ENG-LAB-011,user046,outlook.exe,Email Address,training@university.example,IOC-EMAIL-478,10.1.249.57,203.0.113.116
evt-email_addresses-000483,2026-06-18T07:35:29+00:00,ENG-LAB-054,user007,reg.exe,Email Address,training+146@example.invalid,IOC-EMAIL-767,10.0.12.190,203.0.113.74
evt-email_addresses-000484,2026-06-18T08:56:21+00:00,ENG-LAB-040,user051,svchost.exe,Email Address,training+180@lab.invalid,IOC-EMAIL-523,10.0.54.200,203.0.113.223
evt-email_addresses-000485,2026-06-18T09:24:34+00:00,ENG-LAB-036,user053,python.exe,Email Address,billing+demo15@example.example,IOC-EMAIL-348,10.0.216.9,203.0.113.78
evt-email_addresses-000486,2026-06-18T09:26:05+00:00,ENG-LAB-030,user070,python.exe,Email Address,alerts+case94@example.invalid,IOC-EMAIL-401,10.2.194.84,203.0.113.76
evt-email_addresses-000487,2026-06-18T09:37:25+00:00,ENG-LAB-028,user093,svchost.exe,Email Address,admin@university.example,IOC-EMAIL-446,10.3.35.251,198.51.100.34
evt-email_addresses-000488,2026-06-18T10:50:21+00:00,ENG-LAB-035,user096,rundll32.exe,Email Address,helpdesk+728@example.invalid,IOC-EMAIL-966,10.3.79.237,203.0.113.64
evt-email_addresses-000489,2026-06-18T13:23:35+00:00,ENG-LAB-009,user071,svchost.exe,Email Address,security@example.invalid,IOC-EMAIL-662,10.2.33.55,198.51.100.98
evt-email_addresses-000490,2026-06-18T14:18:00+00:00,ENG-LAB-007,user036,python.exe,Email Address,billing@example.example,IOC-EMAIL-533,10.2.107.175,198.51.100.237
evt-email_addresses-000491,2026-06-18T14:25:17+00:00,ENG-LAB-048,user053,msedge.exe,Email Address,security@example.invalid,IOC-EMAIL-213,10.3.0.134,203.0.113.86
evt-email_addresses-000492,2026-06-18T17:37:09+00:00,ENG-LAB-038,user072,powershell.exe,Email Address,security@university.example,IOC-EMAIL-666,10.1.220.202,198.51.100.204
evt-email_addresses-000493,2026-06-18T17:39:29+00:00,ENG-LAB-039,user098,chrome.exe,Email Address,research+demo77@lab.invalid,IOC-EMAIL-579,10.0.161.103,198.51.100.231
evt-email_addresses-000494,2026-06-18T18:31:27+00:00,ENG-LAB-001,user039,msedge.exe,Email Address,research+509@university.example,IOC-EMAIL-360,10.0.98.103,203.0.113.89
evt-email_addresses-000495,2026-06-18T18:39:22+00:00,ENG-LAB-006,user062,winword.exe,Email Address,research@example.example,IOC-EMAIL-984,10.3.169.241,198.51.100.50
evt-email_addresses-000496,2026-06-18T19:09:04+00:00,ENG-LAB-024,user085,outlook.exe,Email Address,billing+ticket26@example.invalid,IOC-EMAIL-631,10.0.41.108,198.51.100.165
evt-email_addresses-000497,2026-06-18T19:42:25+00:00,ENG-LAB-010,user017,outlook.exe,Email Address,billing+563@university.example,IOC-EMAIL-736,10.0.47.163,198.51.100.199
evt-email_addresses-000498,2026-06-18T22:48:06+00:00,ENG-LAB-049,user050,outlook.exe,Email Address,billing@lab.invalid,IOC-EMAIL-307,10.0.226.207,198.51.100.231
evt-email_addresses-000499,2026-06-18T23:03:14+00:00,ENG-LAB-020,user043,msedge.exe,Email Address,it-support+demo17@lab.invalid,IOC-EMAIL-115,10.0.180.77,198.51.100.150
evt-email_addresses-000500,2026-06-18T23:36:01+00:00,ENG-LAB-045,user005,msedge.exe,Email Address,helpdesk+485@example.example,IOC-EMAIL-645,10.3.194.174,198.51.100.30